,Open time,Close
0,2021-10-20 00:00:00,0.2431
1,2021-10-20 01:00:00,0.2432
2,2021-10-20 02:00:00,0.2422
3,2021-10-20 03:00:00,0.2428
4,2021-10-20 04:00:00,0.2435
5,2021-10-20 05:00:00,0.245
6,2021-10-20 06:00:00,0.2446
7,2021-10-20 07:00:00,0.2449
8,2021-10-20 08:00:00,0.2449
9,2021-10-20 09:00:00,0.2444
10,2021-10-20 10:00:00,0.2439
11,2021-10-20 11:00:00,0.244
12,2021-10-20 12:00:00,0.2459
13,2021-10-20 13:00:00,0.2498
14,2021-10-20 14:00:00,0.2524
15,2021-10-20 15:00:00,0.2522
16,2021-10-20 16:00:00,0.2563
17,2021-10-20 17:00:00,0.2534
18,2021-10-20 18:00:00,0.2547
19,2021-10-20 19:00:00,0.2574
20,2021-10-20 20:00:00,0.2559
21,2021-10-20 21:00:00,0.256
22,2021-10-20 22:00:00,0.2538
23,2021-10-20 23:00:00,0.2548
24,2021-10-21 00:00:00,0.255
25,2021-10-21 01:00:00,0.2531
26,2021-10-21 02:00:00,0.2534
27,2021-10-21 03:00:00,0.2529
28,2021-10-21 04:00:00,0.2523
29,2021-10-21 05:00:00,0.2532
30,2021-10-21 06:00:00,0.2518
31,2021-10-21 07:00:00,0.2518
32,2021-10-21 08:00:00,0.2534
33,2021-10-21 09:00:00,0.255
34,2021-10-21 10:00:00,0.2562
35,2021-10-21 11:00:00,0.2504
36,2021-10-21 12:00:00,0.2522
37,2021-10-21 13:00:00,0.2509
38,2021-10-21 14:00:00,0.2462
39,2021-10-21 15:00:00,0.2452
40,2021-10-21 16:00:00,0.2437
41,2021-10-21 17:00:00,0.2434
42,2021-10-21 18:00:00,0.2444
43,2021-10-21 19:00:00,0.2443
44,2021-10-21 20:00:00,0.2442
45,2021-10-21 21:00:00,0.2452
46,2021-10-21 22:00:00,0.2441
47,2021-10-21 23:00:00,0.2424
48,2021-10-22 00:00:00,0.2451
49,2021-10-22 01:00:00,0.2444
50,2021-10-22 02:00:00,0.2448
51,2021-10-22 03:00:00,0.2455
52,2021-10-22 04:00:00,0.2454
53,2021-10-22 05:00:00,0.2459
54,2021-10-22 06:00:00,0.2461
55,2021-10-22 07:00:00,0.2478
56,2021-10-22 08:00:00,0.2483
57,2021-10-22 09:00:00,0.2467
58,2021-10-22 10:00:00,0.2461
59,2021-10-22 11:00:00,0.2472
60,2021-10-22 12:00:00,0.2463
61,2021-10-22 13:00:00,0.242
62,2021-10-22 14:00:00,0.2402
63,2021-10-22 15:00:00,0.2395
64,2021-10-22 16:00:00,0.2399
65,2021-10-22 17:00:00,0.2378
66,2021-10-22 18:00:00,0.2411
67,2021-10-22 19:00:00,0.2488
68,2021-10-22 20:00:00,0.2482
69,2021-10-22 21:00:00,0.2445
70,2021-10-22 22:00:00,0.246
71,2021-10-22 23:00:00,0.2446
72,2021-10-23 00:00:00,0.2446
73,2021-10-23 01:00:00,0.2444
74,2021-10-23 02:00:00,0.2458
75,2021-10-23 03:00:00,0.2463
76,2021-10-23 04:00:00,0.2468
77,2021-10-23 05:00:00,0.2456
78,2021-10-23 06:00:00,0.2453
79,2021-10-23 07:00:00,0.2481
80,2021-10-23 08:00:00,0.247
81,2021-10-23 09:00:00,0.2458
82,2021-10-23 10:00:00,0.2432
83,2021-10-23 11:00:00,0.2459
84,2021-10-23 12:00:00,0.2461
85,2021-10-23 13:00:00,0.2452
86,2021-10-23 14:00:00,0.2458
87,2021-10-23 15:00:00,0.2468
88,2021-10-23 16:00:00,0.2466
89,2021-10-23 17:00:00,0.2503
90,2021-10-23 18:00:00,0.2493
91,2021-10-23 19:00:00,0.2468
92,2021-10-23 20:00:00,0.2483
93,2021-10-23 21:00:00,0.2492
94,2021-10-23 22:00:00,0.2489
95,2021-10-23 23:00:00,0.2511
96,2021-10-24 00:00:00,0.2499
97,2021-10-24 01:00:00,0.2491
98,2021-10-24 02:00:00,0.249
99,2021-10-24 03:00:00,0.2504
100,2021-10-24 04:00:00,0.2493
101,2021-10-24 05:00:00,0.2494
102,2021-10-24 06:00:00,0.2486
103,2021-10-24 07:00:00,0.2493
104,2021-10-24 08:00:00,0.2467
105,2021-10-24 09:00:00,0.2472
106,2021-10-24 10:00:00,0.2471
107,2021-10-24 11:00:00,0.264
108,2021-10-24 12:00:00,0.2581
109,2021-10-24 13:00:00,0.2587
110,2021-10-24 14:00:00,0.261
111,2021-10-24 15:00:00,0.2535
112,2021-10-24 16:00:00,0.2554
113,2021-10-24 17:00:00,0.257
114,2021-10-24 18:00:00,0.2616
115,2021-10-24 19:00:00,0.2627
116,2021-10-24 20:00:00,0.2597
117,2021-10-24 21:00:00,0.2656
118,2021-10-24 22:00:00,0.2679
119,2021-10-24 23:00:00,0.2756
120,2021-10-25 00:00:00,0.2754
121,2021-10-25 01:00:00,0.2743
122,2021-10-25 02:00:00,0.2745
123,2021-10-25 03:00:00,0.2685
124,2021-10-25 04:00:00,0.2716
125,2021-10-25 05:00:00,0.2688
126,2021-10-25 06:00:00,0.2687
127,2021-10-25 07:00:00,0.2685
128,2021-10-25 08:00:00,0.2661
129,2021-10-25 09:00:00,0.2653
130,2021-10-25 10:00:00,0.2633
131,2021-10-25 11:00:00,0.2619
132,2021-10-25 12:00:00,0.2632
133,2021-10-25 13:00:00,0.2679
134,2021-10-25 14:00:00,0.2647
135,2021-10-25 15:00:00,0.2661
136,2021-10-25 16:00:00,0.2638
137,2021-10-25 17:00:00,0.2633
138,2021-10-25 18:00:00,0.2632
139,2021-10-25 19:00:00,0.2629
140,2021-10-25 20:00:00,0.2654
141,2021-10-25 21:00:00,0.2635
142,2021-10-25 22:00:00,0.2653
143,2021-10-25 23:00:00,0.2651
144,2021-10-26 00:00:00,0.2638
145,2021-10-26 01:00:00,0.2636
146,2021-10-26 02:00:00,0.265
147,2021-10-26 03:00:00,0.2647
148,2021-10-26 04:00:00,0.2629
149,2021-10-26 05:00:00,0.2633
150,2021-10-26 06:00:00,0.2643
151,2021-10-26 07:00:00,0.2651
152,2021-10-26 08:00:00,0.27
153,2021-10-26 09:00:00,0.2713
154,2021-10-26 10:00:00,0.2702
155,2021-10-26 11:00:00,0.272
156,2021-10-26 12:00:00,0.2709
157,2021-10-26 13:00:00,0.2672
158,2021-10-26 14:00:00,0.2652
159,2021-10-26 15:00:00,0.2665
160,2021-10-26 16:00:00,0.2652
161,2021-10-26 17:00:00,0.2675
162,2021-10-26 18:00:00,0.2664
163,2021-10-26 19:00:00,0.2667
164,2021-10-26 20:00:00,0.266
165,2021-10-26 21:00:00,0.2619
166,2021-10-26 22:00:00,0.2553
167,2021-10-26 23:00:00,0.2559
168,2021-10-27 00:00:00,0.2575
169,2021-10-27 01:00:00,0.258
170,2021-10-27 02:00:00,0.2572
171,2021-10-27 03:00:00,0.2589
172,2021-10-27 04:00:00,0.2613
173,2021-10-27 05:00:00,0.2607
174,2021-10-27 06:00:00,0.2569
175,2021-10-27 07:00:00,0.2498
176,2021-10-27 08:00:00,0.2373
177,2021-10-27 09:00:00,0.2365
178,2021-10-27 10:00:00,0.2373
179,2021-10-27 11:00:00,0.237
180,2021-10-27 12:00:00,0.24
181,2021-10-27 13:00:00,0.2377
182,2021-10-27 14:00:00,0.2498
183,2021-10-27 15:00:00,0.2432
184,2021-10-27 16:00:00,0.2448
185,2021-10-27 17:00:00,0.2472
186,2021-10-27 18:00:00,0.2453
187,2021-10-27 19:00:00,0.2426
188,2021-10-27 20:00:00,0.241
189,2021-10-27 21:00:00,0.2414
190,2021-10-27 22:00:00,0.2388
191,2021-10-27 23:00:00,0.2379
192,2021-10-28 00:00:00,0.2336
193,2021-10-28 01:00:00,0.2393
194,2021-10-28 02:00:00,0.2358
195,2021-10-28 03:00:00,0.2358
196,2021-10-28 04:00:00,0.2399
197,2021-10-28 05:00:00,0.2733
198,2021-10-28 06:00:00,0.2938
199,2021-10-28 07:00:00,0.3291
200,2021-10-28 08:00:00,0.3013
201,2021-10-28 09:00:00,0.2992
202,2021-10-28 10:00:00,0.291
203,2021-10-28 11:00:00,0.2962
204,2021-10-28 12:00:00,0.3111
205,2021-10-28 13:00:00,0.3036
206,2021-10-28 14:00:00,0.3063
207,2021-10-28 15:00:00,0.3188
208,2021-10-28 16:00:00,0.3279
209,2021-10-28 17:00:00,0.3269
210,2021-10-28 18:00:00,0.3039
211,2021-10-28 19:00:00,0.3096
212,2021-10-28 20:00:00,0.3009
213,2021-10-28 21:00:00,0.3008
214,2021-10-28 22:00:00,0.2988
215,2021-10-28 23:00:00,0.2997
216,2021-10-29 00:00:00,0.3006
217,2021-10-29 01:00:00,0.2944
218,2021-10-29 02:00:00,0.2998
219,2021-10-29 03:00:00,0.2937
220,2021-10-29 04:00:00,0.2956
221,2021-10-29 05:00:00,0.2899
222,2021-10-29 06:00:00,0.2937
223,2021-10-29 07:00:00,0.2902
224,2021-10-29 08:00:00,0.2943
225,2021-10-29 09:00:00,0.2939
226,2021-10-29 10:00:00,0.293
227,2021-10-29 11:00:00,0.2845
228,2021-10-29 12:00:00,0.2856
229,2021-10-29 13:00:00,0.2861
230,2021-10-29 14:00:00,0.2826
231,2021-10-29 15:00:00,0.2881
232,2021-10-29 16:00:00,0.2887
233,2021-10-29 17:00:00,0.2885
234,2021-10-29 18:00:00,0.2913
235,2021-10-29 19:00:00,0.2905
236,2021-10-29 20:00:00,0.2932
237,2021-10-29 21:00:00,0.2924
238,2021-10-29 22:00:00,0.2897
239,2021-10-29 23:00:00,0.2882
240,2021-10-30 00:00:00,0.2865
241,2021-10-30 01:00:00,0.2839
242,2021-10-30 02:00:00,0.2874
243,2021-10-30 03:00:00,0.2855
244,2021-10-30 04:00:00,0.2856
245,2021-10-30 05:00:00,0.2948
246,2021-10-30 06:00:00,0.2896
247,2021-10-30 07:00:00,0.2888
248,2021-10-30 08:00:00,0.2855
249,2021-10-30 09:00:00,0.2839
250,2021-10-30 10:00:00,0.2851
251,2021-10-30 11:00:00,0.2848
252,2021-10-30 12:00:00,0.2809
253,2021-10-30 13:00:00,0.2773
254,2021-10-30 14:00:00,0.2707
255,2021-10-30 15:00:00,0.2747
256,2021-10-30 16:00:00,0.2729
257,2021-10-30 17:00:00,0.27
258,2021-10-30 18:00:00,0.2761
259,2021-10-30 19:00:00,0.2732
260,2021-10-30 20:00:00,0.272
261,2021-10-30 21:00:00,0.27
262,2021-10-30 22:00:00,0.2653
263,2021-10-30 23:00:00,0.269
264,2021-10-31 00:00:00,0.2676
265,2021-10-31 01:00:00,0.2645
266,2021-10-31 02:00:00,0.2656
267,2021-10-31 03:00:00,0.2678
268,2021-10-31 04:00:00,0.2687
269,2021-10-31 05:00:00,0.2704
270,2021-10-31 06:00:00,0.2681
271,2021-10-31 07:00:00,0.2704
272,2021-10-31 08:00:00,0.2642
273,2021-10-31 09:00:00,0.263
274,2021-10-31 10:00:00,0.2624
275,2021-10-31 11:00:00,0.2604
276,2021-10-31 12:00:00,0.2588
277,2021-10-31 13:00:00,0.2583
278,2021-10-31 14:00:00,0.2578
279,2021-10-31 15:00:00,0.2588
280,2021-10-31 16:00:00,0.2623
281,2021-10-31 17:00:00,0.2605
282,2021-10-31 18:00:00,0.269
283,2021-10-31 19:00:00,0.2703
284,2021-10-31 20:00:00,0.2731
285,2021-10-31 21:00:00,0.2771
286,2021-10-31 22:00:00,0.2781
287,2021-10-31 23:00:00,0.28
288,2021-11-01 00:00:00,0.2808
289,2021-11-01 01:00:00,0.2732
290,2021-11-01 02:00:00,0.2703
291,2021-11-01 03:00:00,0.2662
292,2021-11-01 04:00:00,0.2693
293,2021-11-01 05:00:00,0.2674
294,2021-11-01 06:00:00,0.2693
295,2021-11-01 07:00:00,0.273
296,2021-11-01 08:00:00,0.271
297,2021-11-01 09:00:00,0.2762
298,2021-11-01 10:00:00,0.2727
299,2021-11-01 11:00:00,0.2734
300,2021-11-01 12:00:00,0.272
301,2021-11-01 13:00:00,0.2717
302,2021-11-01 14:00:00,0.2702
303,2021-11-01 15:00:00,0.2699
304,2021-11-01 16:00:00,0.2731
305,2021-11-01 17:00:00,0.2699
306,2021-11-01 18:00:00,0.2698
307,2021-11-01 19:00:00,0.2714
308,2021-11-01 20:00:00,0.2698
309,2021-11-01 21:00:00,0.2696
310,2021-11-01 22:00:00,0.2708
311,2021-11-01 23:00:00,0.2716
312,2021-11-02 00:00:00,0.2691
313,2021-11-02 01:00:00,0.2678
314,2021-11-02 02:00:00,0.2696
315,2021-11-02 03:00:00,0.2704
316,2021-11-02 04:00:00,0.271
317,2021-11-02 05:00:00,0.2759
318,2021-11-02 06:00:00,0.277
319,2021-11-02 07:00:00,0.2746
320,2021-11-02 08:00:00,0.2723
321,2021-11-02 09:00:00,0.2734
322,2021-11-02 10:00:00,0.2726
323,2021-11-02 11:00:00,0.2724
324,2021-11-02 12:00:00,0.2711
325,2021-11-02 13:00:00,0.2721
326,2021-11-02 14:00:00,0.2736
327,2021-11-02 15:00:00,0.2727
328,2021-11-02 16:00:00,0.2724
329,2021-11-02 17:00:00,0.2724
330,2021-11-02 18:00:00,0.2734
331,2021-11-02 19:00:00,0.2756
332,2021-11-02 20:00:00,0.2737
333,2021-11-02 21:00:00,0.2748
334,2021-11-02 22:00:00,0.2737
335,2021-11-02 23:00:00,0.2739
336,2021-11-03 00:00:00,0.2738
337,2021-11-03 01:00:00,0.2725
338,2021-11-03 02:00:00,0.2715
339,2021-11-03 03:00:00,0.2716
340,2021-11-03 04:00:00,0.2708
341,2021-11-03 05:00:00,0.2732
342,2021-11-03 06:00:00,0.2719
343,2021-11-03 07:00:00,0.2742
344,2021-11-03 08:00:00,0.2758
345,2021-11-03 09:00:00,0.2756
346,2021-11-03 10:00:00,0.2735
347,2021-11-03 11:00:00,0.2735
348,2021-11-03 12:00:00,0.2665
349,2021-11-03 13:00:00,0.2653
350,2021-11-03 14:00:00,0.2659
351,2021-11-03 15:00:00,0.2663
352,2021-11-03 16:00:00,0.2658
353,2021-11-03 17:00:00,0.2679
354,2021-11-03 18:00:00,0.2703
355,2021-11-03 19:00:00,0.2703
356,2021-11-03 20:00:00,0.2688
357,2021-11-03 21:00:00,0.2697
358,2021-11-03 22:00:00,0.2674
359,2021-11-03 23:00:00,0.2689
360,2021-11-04 00:00:00,0.2679
361,2021-11-04 01:00:00,0.2675
362,2021-11-04 02:00:00,0.2695
363,2021-11-04 03:00:00,0.2692
364,2021-11-04 04:00:00,0.2693
365,2021-11-04 05:00:00,0.267
366,2021-11-04 06:00:00,0.2674
367,2021-11-04 07:00:00,0.2638
368,2021-11-04 08:00:00,0.2631
369,2021-11-04 09:00:00,0.2653
370,2021-11-04 10:00:00,0.2639
371,2021-11-04 11:00:00,0.2622
372,2021-11-04 12:00:00,0.264
373,2021-11-04 13:00:00,0.2616
374,2021-11-04 14:00:00,0.2612
375,2021-11-04 15:00:00,0.2555
376,2021-11-04 16:00:00,0.2585
377,2021-11-04 17:00:00,0.2568
378,2021-11-04 18:00:00,0.2578
379,2021-11-04 19:00:00,0.2607
380,2021-11-04 20:00:00,0.2618
381,2021-11-04 21:00:00,0.2622
382,2021-11-04 22:00:00,0.2617
383,2021-11-04 23:00:00,0.263
384,2021-11-05 00:00:00,0.2581
385,2021-11-05 01:00:00,0.2605
386,2021-11-05 02:00:00,0.2594
387,2021-11-05 03:00:00,0.2617
388,2021-11-05 04:00:00,0.2614
389,2021-11-05 05:00:00,0.2611
390,2021-11-05 06:00:00,0.2613
391,2021-11-05 07:00:00,0.2616
392,2021-11-05 08:00:00,0.2692
393,2021-11-05 09:00:00,0.2645
394,2021-11-05 10:00:00,0.2635
395,2021-11-05 11:00:00,0.2603
396,2021-11-05 12:00:00,0.2617
397,2021-11-05 13:00:00,0.2634
398,2021-11-05 14:00:00,0.259
399,2021-11-05 15:00:00,0.2607
400,2021-11-05 16:00:00,0.2608
401,2021-11-05 17:00:00,0.2611
402,2021-11-05 18:00:00,0.2623
403,2021-11-05 19:00:00,0.2604
404,2021-11-05 20:00:00,0.2588
405,2021-11-05 21:00:00,0.26
406,2021-11-05 22:00:00,0.261
407,2021-11-05 23:00:00,0.2609
408,2021-11-06 00:00:00,0.2633
409,2021-11-06 01:00:00,0.2647
410,2021-11-06 02:00:00,0.2631
411,2021-11-06 03:00:00,0.2636
412,2021-11-06 04:00:00,0.2643
413,2021-11-06 05:00:00,0.2632
414,2021-11-06 06:00:00,0.2633
415,2021-11-06 07:00:00,0.261
416,2021-11-06 08:00:00,0.2601
417,2021-11-06 09:00:00,0.2601
418,2021-11-06 10:00:00,0.2565
419,2021-11-06 11:00:00,0.255
420,2021-11-06 12:00:00,0.2548
421,2021-11-06 13:00:00,0.2562
422,2021-11-06 14:00:00,0.2562
423,2021-11-06 15:00:00,0.2564
424,2021-11-06 16:00:00,0.2578
425,2021-11-06 17:00:00,0.2577
426,2021-11-06 18:00:00,0.2579
427,2021-11-06 19:00:00,0.2615
428,2021-11-06 20:00:00,0.2602
429,2021-11-06 21:00:00,0.2614
430,2021-11-06 22:00:00,0.2628
431,2021-11-06 23:00:00,0.2618
432,2021-11-07 00:00:00,0.2628
433,2021-11-07 01:00:00,0.2622
434,2021-11-07 02:00:00,0.2618
435,2021-11-07 03:00:00,0.2624
436,2021-11-07 04:00:00,0.2614
437,2021-11-07 05:00:00,0.2605
438,2021-11-07 06:00:00,0.2589
439,2021-11-07 07:00:00,0.2598
440,2021-11-07 08:00:00,0.2607
441,2021-11-07 09:00:00,0.2628
442,2021-11-07 10:00:00,0.2627
443,2021-11-07 11:00:00,0.2628
444,2021-11-07 12:00:00,0.2614
445,2021-11-07 13:00:00,0.2637
446,2021-11-07 14:00:00,0.2633
447,2021-11-07 15:00:00,0.2654
448,2021-11-07 16:00:00,0.2666
449,2021-11-07 17:00:00,0.2666
450,2021-11-07 18:00:00,0.2643
451,2021-11-07 19:00:00,0.2648
452,2021-11-07 20:00:00,0.2642
453,2021-11-07 21:00:00,0.2664
454,2021-11-07 22:00:00,0.266
455,2021-11-07 23:00:00,0.2664
456,2021-11-08 00:00:00,0.2679
457,2021-11-08 01:00:00,0.2697
458,2021-11-08 02:00:00,0.2697
459,2021-11-08 03:00:00,0.2692
460,2021-11-08 04:00:00,0.2714
461,2021-11-08 05:00:00,0.2747
462,2021-11-08 06:00:00,0.2723
463,2021-11-08 07:00:00,0.2728
464,2021-11-08 08:00:00,0.2934
465,2021-11-08 09:00:00,0.286
466,2021-11-08 10:00:00,0.2835
467,2021-11-08 11:00:00,0.2836
468,2021-11-08 12:00:00,0.2786
469,2021-11-08 13:00:00,0.2767
470,2021-11-08 14:00:00,0.2782
471,2021-11-08 15:00:00,0.2804
472,2021-11-08 16:00:00,0.2786
473,2021-11-08 17:00:00,0.279
474,2021-11-08 18:00:00,0.2774
475,2021-11-08 19:00:00,0.2816
476,2021-11-08 20:00:00,0.278
477,2021-11-08 21:00:00,0.2777
478,2021-11-08 22:00:00,0.2784
479,2021-11-08 23:00:00,0.2819
480,2021-11-09 00:00:00,0.2829
481,2021-11-09 01:00:00,0.2817
482,2021-11-09 02:00:00,0.2856
483,2021-11-09 03:00:00,0.2836
484,2021-11-09 04:00:00,0.2843
485,2021-11-09 05:00:00,0.2852
486,2021-11-09 06:00:00,0.2831
487,2021-11-09 07:00:00,0.2799
488,2021-11-09 08:00:00,0.2812
489,2021-11-09 09:00:00,0.2807
490,2021-11-09 10:00:00,0.2792
491,2021-11-09 11:00:00,0.2761
492,2021-11-09 12:00:00,0.2761
493,2021-11-09 13:00:00,0.2787
494,2021-11-09 14:00:00,0.2746
495,2021-11-09 15:00:00,0.2743
496,2021-11-09 16:00:00,0.2745
497,2021-11-09 17:00:00,0.2753
498,2021-11-09 18:00:00,0.2737
499,2021-11-09 19:00:00,0.2755
500,2021-11-09 20:00:00,0.2751
501,2021-11-09 21:00:00,0.2755
502,2021-11-09 22:00:00,0.275
503,2021-11-09 23:00:00,0.2736
504,2021-11-10 00:00:00,0.2737
505,2021-11-10 01:00:00,0.2732
506,2021-11-10 02:00:00,0.2737
507,2021-11-10 03:00:00,0.2704
508,2021-11-10 04:00:00,0.2709
509,2021-11-10 05:00:00,0.2701
510,2021-11-10 06:00:00,0.2721
511,2021-11-10 07:00:00,0.2723
512,2021-11-10 08:00:00,0.2726
513,2021-11-10 09:00:00,0.2735
514,2021-11-10 10:00:00,0.2743
515,2021-11-10 11:00:00,0.2719
516,2021-11-10 12:00:00,0.2699
517,2021-11-10 13:00:00,0.2746
518,2021-11-10 14:00:00,0.2725
519,2021-11-10 15:00:00,0.2715
520,2021-11-10 16:00:00,0.2712
521,2021-11-10 17:00:00,0.2708
522,2021-11-10 18:00:00,0.2683
523,2021-11-10 19:00:00,0.2617
524,2021-11-10 20:00:00,0.2586
525,2021-11-10 21:00:00,0.2463
526,2021-11-10 22:00:00,0.2557
527,2021-11-10 23:00:00,0.2553
528,2021-11-11 00:00:00,0.2577
529,2021-11-11 01:00:00,0.2574
530,2021-11-11 02:00:00,0.2593
531,2021-11-11 03:00:00,0.2611
532,2021-11-11 04:00:00,0.2626
533,2021-11-11 05:00:00,0.2602
534,2021-11-11 06:00:00,0.2618
535,2021-11-11 07:00:00,0.2613
536,2021-11-11 08:00:00,0.2612
537,2021-11-11 09:00:00,0.2618
538,2021-11-11 10:00:00,0.2599
539,2021-11-11 11:00:00,0.2606
540,2021-11-11 12:00:00,0.2603
541,2021-11-11 13:00:00,0.2591
542,2021-11-11 14:00:00,0.2607
543,2021-11-11 15:00:00,0.2659
544,2021-11-11 16:00:00,0.2635
545,2021-11-11 17:00:00,0.2618
546,2021-11-11 18:00:00,0.2613
547,2021-11-11 19:00:00,0.2634
548,2021-11-11 20:00:00,0.2605
549,2021-11-11 21:00:00,0.2616
550,2021-11-11 22:00:00,0.2632
551,2021-11-11 23:00:00,0.2605
552,2021-11-12 00:00:00,0.262
553,2021-11-12 01:00:00,0.2622
554,2021-11-12 02:00:00,0.266
555,2021-11-12 03:00:00,0.2653
556,2021-11-12 04:00:00,0.2637
557,2021-11-12 05:00:00,0.2611
558,2021-11-12 06:00:00,0.2608
559,2021-11-12 07:00:00,0.2606
560,2021-11-12 08:00:00,0.2618
561,2021-11-12 09:00:00,0.2546
562,2021-11-12 10:00:00,0.2537
563,2021-11-12 11:00:00,0.2548
564,2021-11-12 12:00:00,0.256
565,2021-11-12 13:00:00,0.2571
566,2021-11-12 14:00:00,0.2557
567,2021-11-12 15:00:00,0.2539
568,2021-11-12 16:00:00,0.2552
569,2021-11-12 17:00:00,0.2563
570,2021-11-12 18:00:00,0.256
571,2021-11-12 19:00:00,0.2559
572,2021-11-12 20:00:00,0.2596
573,2021-11-12 21:00:00,0.2587
574,2021-11-12 22:00:00,0.2585
575,2021-11-12 23:00:00,0.2593
576,2021-11-13 00:00:00,0.2595
577,2021-11-13 01:00:00,0.2565
578,2021-11-13 02:00:00,0.2557
579,2021-11-13 03:00:00,0.2564
580,2021-11-13 04:00:00,0.2556
581,2021-11-13 05:00:00,0.2551
582,2021-11-13 06:00:00,0.2577
583,2021-11-13 07:00:00,0.258
584,2021-11-13 08:00:00,0.2569
585,2021-11-13 09:00:00,0.2594
586,2021-11-13 10:00:00,0.2582
587,2021-11-13 11:00:00,0.2576
588,2021-11-13 12:00:00,0.2566
589,2021-11-13 13:00:00,0.2572
590,2021-11-13 14:00:00,0.2596
591,2021-11-13 15:00:00,0.2591
592,2021-11-13 16:00:00,0.2593
593,2021-11-13 17:00:00,0.2609
594,2021-11-13 18:00:00,0.2595
595,2021-11-13 19:00:00,0.2591
596,2021-11-13 20:00:00,0.26
597,2021-11-13 21:00:00,0.2617
598,2021-11-13 22:00:00,0.2612
599,2021-11-13 23:00:00,0.2613
600,2021-11-14 00:00:00,0.2613
601,2021-11-14 01:00:00,0.2621
602,2021-11-14 02:00:00,0.2616
603,2021-11-14 03:00:00,0.2613
604,2021-11-14 04:00:00,0.2612
605,2021-11-14 05:00:00,0.261
606,2021-11-14 06:00:00,0.261
607,2021-11-14 07:00:00,0.2611
608,2021-11-14 08:00:00,0.2662
609,2021-11-14 09:00:00,0.2655
610,2021-11-14 10:00:00,0.263
611,2021-11-14 11:00:00,0.2639
612,2021-11-14 12:00:00,0.263
613,2021-11-14 13:00:00,0.2647
614,2021-11-14 14:00:00,0.2614
615,2021-11-14 15:00:00,0.2612
616,2021-11-14 16:00:00,0.261
617,2021-11-14 17:00:00,0.262
618,2021-11-14 18:00:00,0.2614
619,2021-11-14 19:00:00,0.2615
620,2021-11-14 20:00:00,0.2619
621,2021-11-14 21:00:00,0.2615
622,2021-11-14 22:00:00,0.2615
623,2021-11-14 23:00:00,0.2628
624,2021-11-15 00:00:00,0.2641
625,2021-11-15 01:00:00,0.2633
626,2021-11-15 02:00:00,0.2623
627,2021-11-15 03:00:00,0.2623
628,2021-11-15 04:00:00,0.2636
629,2021-11-15 05:00:00,0.2635
630,2021-11-15 06:00:00,0.263
631,2021-11-15 07:00:00,0.2623
632,2021-11-15 08:00:00,0.2623
633,2021-11-15 09:00:00,0.263
634,2021-11-15 10:00:00,0.2626
635,2021-11-15 11:00:00,0.262
636,2021-11-15 12:00:00,0.2624
637,2021-11-15 13:00:00,0.2618
638,2021-11-15 14:00:00,0.26
639,2021-11-15 15:00:00,0.258
640,2021-11-15 16:00:00,0.2588
641,2021-11-15 17:00:00,0.2581
642,2021-11-15 18:00:00,0.2576
643,2021-11-15 19:00:00,0.259
644,2021-11-15 20:00:00,0.2573
645,2021-11-15 21:00:00,0.2586
646,2021-11-15 22:00:00,0.2581
647,2021-11-15 23:00:00,0.2566
648,2021-11-16 00:00:00,0.2515
649,2021-11-16 01:00:00,0.2516
650,2021-11-16 02:00:00,0.2492
651,2021-11-16 03:00:00,0.2466
652,2021-11-16 04:00:00,0.248
653,2021-11-16 05:00:00,0.2475
654,2021-11-16 06:00:00,0.2471
655,2021-11-16 07:00:00,0.2462
656,2021-11-16 08:00:00,0.2458
657,2021-11-16 09:00:00,0.2388
658,2021-11-16 10:00:00,0.2373
659,2021-11-16 11:00:00,0.24
660,2021-11-16 12:00:00,0.2371
661,2021-11-16 13:00:00,0.2401
662,2021-11-16 14:00:00,0.2433
663,2021-11-16 15:00:00,0.2409
664,2021-11-16 16:00:00,0.2413
665,2021-11-16 17:00:00,0.2398
666,2021-11-16 18:00:00,0.238
667,2021-11-16 19:00:00,0.2387
668,2021-11-16 20:00:00,0.2356
669,2021-11-16 21:00:00,0.239
670,2021-11-16 22:00:00,0.2395
671,2021-11-16 23:00:00,0.2365
672,2021-11-17 00:00:00,0.2353
673,2021-11-17 01:00:00,0.2343
674,2021-11-17 02:00:00,0.2331
675,2021-11-17 03:00:00,0.2322
676,2021-11-17 04:00:00,0.2339
677,2021-11-17 05:00:00,0.235
678,2021-11-17 06:00:00,0.2348
679,2021-11-17 07:00:00,0.2369
680,2021-11-17 08:00:00,0.2359
681,2021-11-17 09:00:00,0.2332
682,2021-11-17 10:00:00,0.239
683,2021-11-17 11:00:00,0.2395
684,2021-11-17 12:00:00,0.2391
685,2021-11-17 13:00:00,0.2383
686,2021-11-17 14:00:00,0.2352
687,2021-11-17 15:00:00,0.2364
688,2021-11-17 16:00:00,0.2387
689,2021-11-17 17:00:00,0.2377
690,2021-11-17 18:00:00,0.2374
691,2021-11-17 19:00:00,0.2355
692,2021-11-17 20:00:00,0.2374
693,2021-11-17 21:00:00,0.2365
694,2021-11-17 22:00:00,0.236
695,2021-11-17 23:00:00,0.2374
696,2021-11-18 00:00:00,0.2396
697,2021-11-18 01:00:00,0.2393
698,2021-11-18 02:00:00,0.2404
699,2021-11-18 03:00:00,0.2372
700,2021-11-18 04:00:00,0.2349
701,2021-11-18 05:00:00,0.2345
702,2021-11-18 06:00:00,0.2342
703,2021-11-18 07:00:00,0.2337
704,2021-11-18 08:00:00,0.2326
705,2021-11-18 09:00:00,0.2305
706,2021-11-18 10:00:00,0.2327
707,2021-11-18 11:00:00,0.2302
708,2021-11-18 12:00:00,0.2298
709,2021-11-18 13:00:00,0.2288
710,2021-11-18 14:00:00,0.2269
711,2021-11-18 15:00:00,0.224
712,2021-11-18 16:00:00,0.2207
713,2021-11-18 17:00:00,0.2237
714,2021-11-18 18:00:00,0.2269
715,2021-11-18 19:00:00,0.2265
716,2021-11-18 20:00:00,0.2256
717,2021-11-18 21:00:00,0.223
718,2021-11-18 22:00:00,0.2204
719,2021-11-18 23:00:00,0.2208
720,2021-11-19 00:00:00,0.2242
721,2021-11-19 01:00:00,0.2206
722,2021-11-19 02:00:00,0.2167
723,2021-11-19 03:00:00,0.218
724,2021-11-19 04:00:00,0.221
725,2021-11-19 05:00:00,0.2226
726,2021-11-19 06:00:00,0.2219
727,2021-11-19 07:00:00,0.2221
728,2021-11-19 08:00:00,0.2262
729,2021-11-19 09:00:00,0.2258
730,2021-11-19 10:00:00,0.2254
731,2021-11-19 11:00:00,0.2257
732,2021-11-19 12:00:00,0.2269
733,2021-11-19 13:00:00,0.2339
734,2021-11-19 14:00:00,0.234
735,2021-11-19 15:00:00,0.2357
736,2021-11-19 16:00:00,0.2347
737,2021-11-19 17:00:00,0.2334
738,2021-11-19 18:00:00,0.2326
739,2021-11-19 19:00:00,0.2329
740,2021-11-19 20:00:00,0.232
741,2021-11-19 21:00:00,0.2318
742,2021-11-19 22:00:00,0.2322
743,2021-11-19 23:00:00,0.2329
744,2021-11-20 00:00:00,0.2332
745,2021-11-20 01:00:00,0.2347
746,2021-11-20 02:00:00,0.2335
747,2021-11-20 03:00:00,0.2327
748,2021-11-20 04:00:00,0.2331
749,2021-11-20 05:00:00,0.2315
750,2021-11-20 06:00:00,0.2333
751,2021-11-20 07:00:00,0.232
752,2021-11-20 08:00:00,0.2325
753,2021-11-20 09:00:00,0.2325
754,2021-11-20 10:00:00,0.2326
755,2021-11-20 11:00:00,0.2329
756,2021-11-20 12:00:00,0.233
757,2021-11-20 13:00:00,0.232
758,2021-11-20 14:00:00,0.2299
759,2021-11-20 15:00:00,0.2258
760,2021-11-20 16:00:00,0.2269
761,2021-11-20 17:00:00,0.2265
762,2021-11-20 18:00:00,0.2309
763,2021-11-20 19:00:00,0.2303
764,2021-11-20 20:00:00,0.2304
765,2021-11-20 21:00:00,0.2317
766,2021-11-20 22:00:00,0.2349
767,2021-11-20 23:00:00,0.233
768,2021-11-21 00:00:00,0.2311
769,2021-11-21 01:00:00,0.2306
770,2021-11-21 02:00:00,0.2296
771,2021-11-21 03:00:00,0.2287
772,2021-11-21 04:00:00,0.2278
773,2021-11-21 05:00:00,0.2303
774,2021-11-21 06:00:00,0.2301
775,2021-11-21 07:00:00,0.229
776,2021-11-21 08:00:00,0.2279
777,2021-11-21 09:00:00,0.2292
778,2021-11-21 10:00:00,0.2283
779,2021-11-21 11:00:00,0.2286
780,2021-11-21 12:00:00,0.229
781,2021-11-21 13:00:00,0.2274
782,2021-11-21 14:00:00,0.2276
783,2021-11-21 15:00:00,0.2294
784,2021-11-21 16:00:00,0.2309
785,2021-11-21 17:00:00,0.2288
786,2021-11-21 18:00:00,0.2284
787,2021-11-21 19:00:00,0.2271
788,2021-11-21 20:00:00,0.2292
789,2021-11-21 21:00:00,0.2285
790,2021-11-21 22:00:00,0.2275
791,2021-11-21 23:00:00,0.2255
792,2021-11-22 00:00:00,0.2238
793,2021-11-22 01:00:00,0.2238
794,2021-11-22 02:00:00,0.2224
795,2021-11-22 03:00:00,0.222
796,2021-11-22 04:00:00,0.2208
797,2021-11-22 05:00:00,0.2222
798,2021-11-22 06:00:00,0.2218
799,2021-11-22 07:00:00,0.2219
800,2021-11-22 08:00:00,0.2223
801,2021-11-22 09:00:00,0.222
802,2021-11-22 10:00:00,0.2233
803,2021-11-22 11:00:00,0.2224
804,2021-11-22 12:00:00,0.2227
805,2021-11-22 13:00:00,0.2255
806,2021-11-22 14:00:00,0.2232
807,2021-11-22 15:00:00,0.2229
808,2021-11-22 16:00:00,0.2227
809,2021-11-22 17:00:00,0.2215
810,2021-11-22 18:00:00,0.2188
811,2021-11-22 19:00:00,0.218
812,2021-11-22 20:00:00,0.2177
813,2021-11-22 21:00:00,0.2197
814,2021-11-22 22:00:00,0.2206
815,2021-11-22 23:00:00,0.2195
816,2021-11-23 00:00:00,0.2203
817,2021-11-23 01:00:00,0.2201
818,2021-11-23 02:00:00,0.2223
819,2021-11-23 03:00:00,0.2222
820,2021-11-23 04:00:00,0.2227
821,2021-11-23 05:00:00,0.2211
822,2021-11-23 06:00:00,0.2197
823,2021-11-23 07:00:00,0.2183
824,2021-11-23 08:00:00,0.2186
825,2021-11-23 09:00:00,0.2171
826,2021-11-23 10:00:00,0.229
827,2021-11-23 11:00:00,0.2222
828,2021-11-23 12:00:00,0.2233
829,2021-11-23 13:00:00,0.227
830,2021-11-23 14:00:00,0.2331
831,2021-11-23 15:00:00,0.2302
832,2021-11-23 16:00:00,0.2291
833,2021-11-23 17:00:00,0.2277
834,2021-11-23 18:00:00,0.2265
835,2021-11-23 19:00:00,0.2266
836,2021-11-23 20:00:00,0.2266
837,2021-11-23 21:00:00,0.2258
838,2021-11-23 22:00:00,0.225
839,2021-11-23 23:00:00,0.2266
840,2021-11-24 00:00:00,0.2263
841,2021-11-24 01:00:00,0.2249
842,2021-11-24 02:00:00,0.2218
843,2021-11-24 03:00:00,0.2225
844,2021-11-24 04:00:00,0.2232
845,2021-11-24 05:00:00,0.2227
846,2021-11-24 06:00:00,0.2213
847,2021-11-24 07:00:00,0.2207
848,2021-11-24 08:00:00,0.2216
849,2021-11-24 09:00:00,0.2199
850,2021-11-24 10:00:00,0.2169
851,2021-11-24 11:00:00,0.2189
852,2021-11-24 12:00:00,0.2176
853,2021-11-24 13:00:00,0.214
854,2021-11-24 14:00:00,0.214
855,2021-11-24 15:00:00,0.2162
856,2021-11-24 16:00:00,0.215
857,2021-11-24 17:00:00,0.2156
858,2021-11-24 18:00:00,0.2156
859,2021-11-24 19:00:00,0.2152
860,2021-11-24 20:00:00,0.2174
861,2021-11-24 21:00:00,0.2172
862,2021-11-24 22:00:00,0.2165
863,2021-11-24 23:00:00,0.217
864,2021-11-25 00:00:00,0.2187
865,2021-11-25 01:00:00,0.2192
866,2021-11-25 02:00:00,0.2198
867,2021-11-25 03:00:00,0.2191
868,2021-11-25 04:00:00,0.2167
869,2021-11-25 05:00:00,0.2161
870,2021-11-25 06:00:00,0.2162
871,2021-11-25 07:00:00,0.2172
872,2021-11-25 08:00:00,0.2159
873,2021-11-25 09:00:00,0.2159
874,2021-11-25 10:00:00,0.2178
875,2021-11-25 11:00:00,0.2191
876,2021-11-25 12:00:00,0.2223
877,2021-11-25 13:00:00,0.2211
878,2021-11-25 14:00:00,0.2222
879,2021-11-25 15:00:00,0.221
880,2021-11-25 16:00:00,0.2219
881,2021-11-25 17:00:00,0.2245
882,2021-11-25 18:00:00,0.2248
883,2021-11-25 19:00:00,0.223
884,2021-11-25 20:00:00,0.222
885,2021-11-25 21:00:00,0.2212
886,2021-11-25 22:00:00,0.2215
887,2021-11-25 23:00:00,0.2209
888,2021-11-26 00:00:00,0.219
889,2021-11-26 01:00:00,0.2195
890,2021-11-26 02:00:00,0.2185
891,2021-11-26 03:00:00,0.2177
892,2021-11-26 04:00:00,0.2173
893,2021-11-26 05:00:00,0.2172
894,2021-11-26 06:00:00,0.2169
895,2021-11-26 07:00:00,0.2137
896,2021-11-26 08:00:00,0.1994
897,2021-11-26 09:00:00,0.1998
898,2021-11-26 10:00:00,0.1991
899,2021-11-26 11:00:00,0.197
900,2021-11-26 12:00:00,0.203
901,2021-11-26 13:00:00,0.205
902,2021-11-26 14:00:00,0.204
903,2021-11-26 15:00:00,0.2034
904,2021-11-26 16:00:00,0.2044
905,2021-11-26 17:00:00,0.2035
906,2021-11-26 18:00:00,0.2038
907,2021-11-26 19:00:00,0.2037
908,2021-11-26 20:00:00,0.2062
909,2021-11-26 21:00:00,0.2032
910,2021-11-26 22:00:00,0.2027
911,2021-11-26 23:00:00,0.2016
912,2021-11-27 00:00:00,0.2036
913,2021-11-27 01:00:00,0.2039
914,2021-11-27 02:00:00,0.2052
915,2021-11-27 03:00:00,0.2046
916,2021-11-27 04:00:00,0.2079
917,2021-11-27 05:00:00,0.2052
918,2021-11-27 06:00:00,0.205
919,2021-11-27 07:00:00,0.2054
920,2021-11-27 08:00:00,0.2078
921,2021-11-27 09:00:00,0.2059
922,2021-11-27 10:00:00,0.207
923,2021-11-27 11:00:00,0.2063
924,2021-11-27 12:00:00,0.2061
925,2021-11-27 13:00:00,0.2071
926,2021-11-27 14:00:00,0.2063
927,2021-11-27 15:00:00,0.207
928,2021-11-27 16:00:00,0.207
929,2021-11-27 17:00:00,0.2074
930,2021-11-27 18:00:00,0.2073
931,2021-11-27 19:00:00,0.2062
932,2021-11-27 20:00:00,0.2032
933,2021-11-27 21:00:00,0.2051
934,2021-11-27 22:00:00,0.2053
935,2021-11-27 23:00:00,0.2049
936,2021-11-28 00:00:00,0.2039
937,2021-11-28 01:00:00,0.2002
938,2021-11-28 02:00:00,0.2017
939,2021-11-28 03:00:00,0.1994
940,2021-11-28 04:00:00,0.1983
941,2021-11-28 05:00:00,0.2003
942,2021-11-28 06:00:00,0.2005
943,2021-11-28 07:00:00,0.2008
944,2021-11-28 08:00:00,0.1994
945,2021-11-28 09:00:00,0.2002
946,2021-11-28 10:00:00,0.2013
947,2021-11-28 11:00:00,0.2003
948,2021-11-28 12:00:00,0.2003
949,2021-11-28 13:00:00,0.1995
950,2021-11-28 14:00:00,0.1993
951,2021-11-28 15:00:00,0.199
952,2021-11-28 16:00:00,0.1979
953,2021-11-28 17:00:00,0.1954
954,2021-11-28 18:00:00,0.196
955,2021-11-28 19:00:00,0.198
956,2021-11-28 20:00:00,0.1999
957,2021-11-28 21:00:00,0.2045
958,2021-11-28 22:00:00,0.2026
959,2021-11-28 23:00:00,0.2073
960,2021-11-29 00:00:00,0.2073
961,2021-11-29 01:00:00,0.2068
962,2021-11-29 02:00:00,0.2047
963,2021-11-29 03:00:00,0.2051
964,2021-11-29 04:00:00,0.2045
965,2021-11-29 05:00:00,0.2053
966,2021-11-29 06:00:00,0.2071
967,2021-11-29 07:00:00,0.2067
968,2021-11-29 08:00:00,0.2055
969,2021-11-29 09:00:00,0.2033
970,2021-11-29 10:00:00,0.205
971,2021-11-29 11:00:00,0.2037
972,2021-11-29 12:00:00,0.2042
973,2021-11-29 13:00:00,0.2198
974,2021-11-29 14:00:00,0.2152
975,2021-11-29 15:00:00,0.2153
976,2021-11-29 16:00:00,0.2143
977,2021-11-29 17:00:00,0.2158
978,2021-11-29 18:00:00,0.2167
979,2021-11-29 19:00:00,0.215
980,2021-11-29 20:00:00,0.2155
981,2021-11-29 21:00:00,0.2176
982,2021-11-29 22:00:00,0.2154
983,2021-11-29 23:00:00,0.215
984,2021-11-30 00:00:00,0.221
985,2021-11-30 01:00:00,0.2165
986,2021-11-30 02:00:00,0.2172
987,2021-11-30 03:00:00,0.2217
988,2021-11-30 04:00:00,0.2235
989,2021-11-30 05:00:00,0.2168
990,2021-11-30 06:00:00,0.2181
991,2021-11-30 07:00:00,0.2163
992,2021-11-30 08:00:00,0.2168
993,2021-11-30 09:00:00,0.2166
994,2021-11-30 10:00:00,0.2184
995,2021-11-30 11:00:00,0.2212
996,2021-11-30 12:00:00,0.2212
997,2021-11-30 13:00:00,0.2216
998,2021-11-30 14:00:00,0.2219
999,2021-11-30 15:00:00,0.2166
1000,2021-11-30 16:00:00,0.2144
1001,2021-11-30 17:00:00,0.2158
1002,2021-11-30 18:00:00,0.2185
1003,2021-11-30 19:00:00,0.2166
1004,2021-11-30 20:00:00,0.2157
1005,2021-11-30 21:00:00,0.2155
1006,2021-11-30 22:00:00,0.2164
1007,2021-11-30 23:00:00,0.2147
1008,2021-12-01 00:00:00,0.2159
1009,2021-12-01 01:00:00,0.2151
1010,2021-12-01 02:00:00,0.2163
1011,2021-12-01 03:00:00,0.2161
1012,2021-12-01 04:00:00,0.2151
1013,2021-12-01 05:00:00,0.2136
1014,2021-12-01 06:00:00,0.2151
1015,2021-12-01 07:00:00,0.2156
1016,2021-12-01 08:00:00,0.2144
1017,2021-12-01 09:00:00,0.2145
1018,2021-12-01 10:00:00,0.2136
1019,2021-12-01 11:00:00,0.2134
1020,2021-12-01 12:00:00,0.2131
1021,2021-12-01 13:00:00,0.2142
1022,2021-12-01 14:00:00,0.216
1023,2021-12-01 15:00:00,0.2154
1024,2021-12-01 16:00:00,0.2147
1025,2021-12-01 17:00:00,0.2132
1026,2021-12-01 18:00:00,0.2117
1027,2021-12-01 19:00:00,0.2106
1028,2021-12-01 20:00:00,0.2073
1029,2021-12-01 21:00:00,0.2076
1030,2021-12-01 22:00:00,0.208
1031,2021-12-01 23:00:00,0.2093
1032,2021-12-02 00:00:00,0.2079
1033,2021-12-02 01:00:00,0.2084
1034,2021-12-02 02:00:00,0.207
1035,2021-12-02 03:00:00,0.2039
1036,2021-12-02 04:00:00,0.2052
1037,2021-12-02 05:00:00,0.2057
1038,2021-12-02 06:00:00,0.2057
1039,2021-12-02 07:00:00,0.2059
1040,2021-12-02 08:00:00,0.2205
1041,2021-12-02 09:00:00,0.214
1042,2021-12-02 10:00:00,0.2165
1043,2021-12-02 11:00:00,0.2153
1044,2021-12-02 12:00:00,0.2147
1045,2021-12-02 13:00:00,0.2121
1046,2021-12-02 14:00:00,0.2125
1047,2021-12-02 15:00:00,0.2108
1048,2021-12-02 16:00:00,0.2094
1049,2021-12-02 17:00:00,0.2098
1050,2021-12-02 18:00:00,0.2087
1051,2021-12-02 19:00:00,0.2082
1052,2021-12-02 20:00:00,0.2101
1053,2021-12-02 21:00:00,0.2113
1054,2021-12-02 22:00:00,0.2108
1055,2021-12-02 23:00:00,0.2095
1056,2021-12-03 00:00:00,0.2099
1057,2021-12-03 01:00:00,0.2093
1058,2021-12-03 02:00:00,0.2069
1059,2021-12-03 03:00:00,0.2072
1060,2021-12-03 04:00:00,0.2084
1061,2021-12-03 05:00:00,0.2091
1062,2021-12-03 06:00:00,0.2099
1063,2021-12-03 07:00:00,0.2094
1064,2021-12-03 08:00:00,0.2094
1065,2021-12-03 09:00:00,0.2095
1066,2021-12-03 10:00:00,0.2099
1067,2021-12-03 11:00:00,0.2091
1068,2021-12-03 12:00:00,0.2095
1069,2021-12-03 13:00:00,0.2096
1070,2021-12-03 14:00:00,0.2068
1071,2021-12-03 15:00:00,0.2051
1072,2021-12-03 16:00:00,0.2005
1073,2021-12-03 17:00:00,0.2022
1074,2021-12-03 18:00:00,0.2027
1075,2021-12-03 19:00:00,0.1996
1076,2021-12-03 20:00:00,0.1994
1077,2021-12-03 21:00:00,0.2004
1078,2021-12-03 22:00:00,0.1992
1079,2021-12-03 23:00:00,0.1999
1080,2021-12-04 00:00:00,0.1965
1081,2021-12-04 01:00:00,0.1968
1082,2021-12-04 02:00:00,0.1974
1083,2021-12-04 03:00:00,0.1898
1084,2021-12-04 04:00:00,0.1829
1085,2021-12-04 05:00:00,0.1614
1086,2021-12-04 06:00:00,0.1608
1087,2021-12-04 07:00:00,0.1611
1088,2021-12-04 08:00:00,0.164
1089,2021-12-04 09:00:00,0.168
1090,2021-12-04 10:00:00,0.1678
1091,2021-12-04 11:00:00,0.159
1092,2021-12-04 12:00:00,0.1616
1093,2021-12-04 13:00:00,0.1673
1094,2021-12-04 14:00:00,0.1732
1095,2021-12-04 15:00:00,0.1751
1096,2021-12-04 16:00:00,0.1729
1097,2021-12-04 17:00:00,0.1751
1098,2021-12-04 18:00:00,0.1782
1099,2021-12-04 19:00:00,0.1801
1100,2021-12-04 20:00:00,0.1767
1101,2021-12-04 21:00:00,0.1756
1102,2021-12-04 22:00:00,0.1787
1103,2021-12-04 23:00:00,0.1781
1104,2021-12-05 00:00:00,0.1757
1105,2021-12-05 01:00:00,0.173
1106,2021-12-05 02:00:00,0.1743
1107,2021-12-05 03:00:00,0.1781
1108,2021-12-05 04:00:00,0.1767
1109,2021-12-05 05:00:00,0.1785
1110,2021-12-05 06:00:00,0.1776
1111,2021-12-05 07:00:00,0.1758
1112,2021-12-05 08:00:00,0.177
1113,2021-12-05 09:00:00,0.1739
1114,2021-12-05 10:00:00,0.1746
1115,2021-12-05 11:00:00,0.1743
1116,2021-12-05 12:00:00,0.1751
1117,2021-12-05 13:00:00,0.1736
1118,2021-12-05 14:00:00,0.1686
1119,2021-12-05 15:00:00,0.1659
1120,2021-12-05 16:00:00,0.1683
1121,2021-12-05 17:00:00,0.1707
1122,2021-12-05 18:00:00,0.1692
1123,2021-12-05 19:00:00,0.1689
1124,2021-12-05 20:00:00,0.169
1125,2021-12-05 21:00:00,0.1693
1126,2021-12-05 22:00:00,0.1707
1127,2021-12-05 23:00:00,0.1712
1128,2021-12-06 00:00:00,0.1672
1129,2021-12-06 01:00:00,0.1692
1130,2021-12-06 02:00:00,0.1705
1131,2021-12-06 03:00:00,0.1708
1132,2021-12-06 04:00:00,0.1696
1133,2021-12-06 05:00:00,0.1676
1134,2021-12-06 06:00:00,0.1652
1135,2021-12-06 07:00:00,0.1648
1136,2021-12-06 08:00:00,0.1653
1137,2021-12-06 09:00:00,0.1613
1138,2021-12-06 10:00:00,0.1613
1139,2021-12-06 11:00:00,0.1659
1140,2021-12-06 12:00:00,0.1657
1141,2021-12-06 13:00:00,0.1655
1142,2021-12-06 14:00:00,0.1659
1143,2021-12-06 15:00:00,0.1724
1144,2021-12-06 16:00:00,0.1728
1145,2021-12-06 17:00:00,0.1729
1146,2021-12-06 18:00:00,0.1733
1147,2021-12-06 19:00:00,0.1738
1148,2021-12-06 20:00:00,0.1735
1149,2021-12-06 21:00:00,0.1772
1150,2021-12-06 22:00:00,0.1785
1151,2021-12-06 23:00:00,0.1776
1152,2021-12-07 00:00:00,0.1787
1153,2021-12-07 01:00:00,0.1794
1154,2021-12-07 02:00:00,0.1777
1155,2021-12-07 03:00:00,0.1794
1156,2021-12-07 04:00:00,0.1784
1157,2021-12-07 05:00:00,0.1783
1158,2021-12-07 06:00:00,0.1799
1159,2021-12-07 07:00:00,0.179
1160,2021-12-07 08:00:00,0.1804
1161,2021-12-07 09:00:00,0.18
1162,2021-12-07 10:00:00,0.1803
1163,2021-12-07 11:00:00,0.1812
1164,2021-12-07 12:00:00,0.1771
1165,2021-12-07 13:00:00,0.1792
1166,2021-12-07 14:00:00,0.1811
1167,2021-12-07 15:00:00,0.181
1168,2021-12-07 16:00:00,0.1797
1169,2021-12-07 17:00:00,0.1796
1170,2021-12-07 18:00:00,0.1794
1171,2021-12-07 19:00:00,0.1795
1172,2021-12-07 20:00:00,0.1777
1173,2021-12-07 21:00:00,0.1782
1174,2021-12-07 22:00:00,0.1754
1175,2021-12-07 23:00:00,0.1762
1176,2021-12-08 00:00:00,0.1777
1177,2021-12-08 01:00:00,0.1776
1178,2021-12-08 02:00:00,0.1774
1179,2021-12-08 03:00:00,0.1767
1180,2021-12-08 04:00:00,0.1776
1181,2021-12-08 05:00:00,0.1778
1182,2021-12-08 06:00:00,0.1804
1183,2021-12-08 07:00:00,0.1802
1184,2021-12-08 08:00:00,0.1803
1185,2021-12-08 09:00:00,0.1791
1186,2021-12-08 10:00:00,0.174
1187,2021-12-08 11:00:00,0.1743
1188,2021-12-08 12:00:00,0.1769
1189,2021-12-08 13:00:00,0.1753
1190,2021-12-08 14:00:00,0.1791
1191,2021-12-08 15:00:00,0.179
1192,2021-12-08 16:00:00,0.1787
1193,2021-12-08 17:00:00,0.1788
1194,2021-12-08 18:00:00,0.1799
1195,2021-12-08 19:00:00,0.1795
1196,2021-12-08 20:00:00,0.1797
1197,2021-12-08 21:00:00,0.1792
1198,2021-12-08 22:00:00,0.1782
1199,2021-12-08 23:00:00,0.179
1200,2021-12-09 00:00:00,0.1796
1201,2021-12-09 01:00:00,0.1787
1202,2021-12-09 02:00:00,0.1773
1203,2021-12-09 03:00:00,0.1768
1204,2021-12-09 04:00:00,0.1779
1205,2021-12-09 05:00:00,0.1768
1206,2021-12-09 06:00:00,0.1763
1207,2021-12-09 07:00:00,0.1774
1208,2021-12-09 08:00:00,0.1766
1209,2021-12-09 09:00:00,0.1796
1210,2021-12-09 10:00:00,0.1785
1211,2021-12-09 11:00:00,0.1777
1212,2021-12-09 12:00:00,0.178
1213,2021-12-09 13:00:00,0.1775
1214,2021-12-09 14:00:00,0.1738
1215,2021-12-09 15:00:00,0.1732
1216,2021-12-09 16:00:00,0.1754
1217,2021-12-09 17:00:00,0.1731
1218,2021-12-09 18:00:00,0.1707
1219,2021-12-09 19:00:00,0.172
1220,2021-12-09 20:00:00,0.1714
1221,2021-12-09 21:00:00,0.172
1222,2021-12-09 22:00:00,0.1716
1223,2021-12-09 23:00:00,0.1691
1224,2021-12-10 00:00:00,0.1704
1225,2021-12-10 01:00:00,0.1713
1226,2021-12-10 02:00:00,0.1715
1227,2021-12-10 03:00:00,0.171
1228,2021-12-10 04:00:00,0.1703
1229,2021-12-10 05:00:00,0.17
1230,2021-12-10 06:00:00,0.1676
1231,2021-12-10 07:00:00,0.1664
1232,2021-12-10 08:00:00,0.168
1233,2021-12-10 09:00:00,0.1692
1234,2021-12-10 10:00:00,0.1689
1235,2021-12-10 11:00:00,0.1704
1236,2021-12-10 12:00:00,0.1717
1237,2021-12-10 13:00:00,0.1735
1238,2021-12-10 14:00:00,0.1679
1239,2021-12-10 15:00:00,0.1676
1240,2021-12-10 16:00:00,0.1677
1241,2021-12-10 17:00:00,0.1692
1242,2021-12-10 18:00:00,0.1682
1243,2021-12-10 19:00:00,0.1686
1244,2021-12-10 20:00:00,0.1687
1245,2021-12-10 21:00:00,0.1673
1246,2021-12-10 22:00:00,0.166
1247,2021-12-10 23:00:00,0.1641
1248,2021-12-11 00:00:00,0.1637
1249,2021-12-11 01:00:00,0.1648
1250,2021-12-11 02:00:00,0.1653
1251,2021-12-11 03:00:00,0.1648
1252,2021-12-11 04:00:00,0.1667
1253,2021-12-11 05:00:00,0.1661
1254,2021-12-11 06:00:00,0.1656
1255,2021-12-11 07:00:00,0.1666
1256,2021-12-11 08:00:00,0.1673
1257,2021-12-11 09:00:00,0.1678
1258,2021-12-11 10:00:00,0.1676
1259,2021-12-11 11:00:00,0.1675
1260,2021-12-11 12:00:00,0.1681
1261,2021-12-11 13:00:00,0.1679
1262,2021-12-11 14:00:00,0.1685
1263,2021-12-11 15:00:00,0.1686
1264,2021-12-11 16:00:00,0.1686
1265,2021-12-11 17:00:00,0.1684
1266,2021-12-11 18:00:00,0.1677
1267,2021-12-11 19:00:00,0.1666
1268,2021-12-11 20:00:00,0.1669
1269,2021-12-11 21:00:00,0.1673
1270,2021-12-11 22:00:00,0.1677
1271,2021-12-11 23:00:00,0.1689
1272,2021-12-12 00:00:00,0.1686
1273,2021-12-12 01:00:00,0.168
1274,2021-12-12 02:00:00,0.1677
1275,2021-12-12 03:00:00,0.168
1276,2021-12-12 04:00:00,0.1673
1277,2021-12-12 05:00:00,0.1672
1278,2021-12-12 06:00:00,0.1683
1279,2021-12-12 07:00:00,0.1683
1280,2021-12-12 08:00:00,0.1671
1281,2021-12-12 09:00:00,0.1663
1282,2021-12-12 10:00:00,0.1666
1283,2021-12-12 11:00:00,0.1674
1284,2021-12-12 12:00:00,0.1672
1285,2021-12-12 13:00:00,0.1678
1286,2021-12-12 14:00:00,0.168
1287,2021-12-12 15:00:00,0.1671
1288,2021-12-12 16:00:00,0.1692
1289,2021-12-12 17:00:00,0.1713
1290,2021-12-12 18:00:00,0.1713
1291,2021-12-12 19:00:00,0.1706
1292,2021-12-12 20:00:00,0.1714
1293,2021-12-12 21:00:00,0.1704
1294,2021-12-12 22:00:00,0.171
1295,2021-12-12 23:00:00,0.1697
1296,2021-12-13 00:00:00,0.1685
1297,2021-12-13 01:00:00,0.1638
1298,2021-12-13 02:00:00,0.1648
1299,2021-12-13 03:00:00,0.1649
1300,2021-12-13 04:00:00,0.1658
1301,2021-12-13 05:00:00,0.1661
1302,2021-12-13 06:00:00,0.1645
1303,2021-12-13 07:00:00,0.1639
1304,2021-12-13 08:00:00,0.1649
1305,2021-12-13 09:00:00,0.1642
1306,2021-12-13 10:00:00,0.1644
1307,2021-12-13 11:00:00,0.165
1308,2021-12-13 12:00:00,0.1639
1309,2021-12-13 13:00:00,0.1633
1310,2021-12-13 14:00:00,0.1612
1311,2021-12-13 15:00:00,0.1581
1312,2021-12-13 16:00:00,0.1584
1313,2021-12-13 17:00:00,0.1596
1314,2021-12-13 18:00:00,0.1582
1315,2021-12-13 19:00:00,0.1548
1316,2021-12-13 20:00:00,0.1555
1317,2021-12-13 21:00:00,0.1568
1318,2021-12-13 22:00:00,0.1588
1319,2021-12-13 23:00:00,0.1573
1320,2021-12-14 00:00:00,0.1575
1321,2021-12-14 01:00:00,0.1572
1322,2021-12-14 02:00:00,0.1574
1323,2021-12-14 03:00:00,0.1575
1324,2021-12-14 04:00:00,0.1575
1325,2021-12-14 05:00:00,0.1568
1326,2021-12-14 06:00:00,0.157
1327,2021-12-14 07:00:00,0.1599
1328,2021-12-14 08:00:00,0.1608
1329,2021-12-14 09:00:00,0.1585
1330,2021-12-14 10:00:00,0.1879
1331,2021-12-14 11:00:00,0.2113
1332,2021-12-14 12:00:00,0.2023
1333,2021-12-14 13:00:00,0.1986
1334,2021-12-14 14:00:00,0.1919
1335,2021-12-14 15:00:00,0.1887
1336,2021-12-14 16:00:00,0.1915
1337,2021-12-14 17:00:00,0.1868
1338,2021-12-14 18:00:00,0.1795
1339,2021-12-14 19:00:00,0.1799
1340,2021-12-14 20:00:00,0.1848
1341,2021-12-14 21:00:00,0.1871
1342,2021-12-14 22:00:00,0.1869
1343,2021-12-14 23:00:00,0.1909
1344,2021-12-15 00:00:00,0.1814
1345,2021-12-15 01:00:00,0.183
1346,2021-12-15 02:00:00,0.1817
1347,2021-12-15 03:00:00,0.1836
1348,2021-12-15 04:00:00,0.1801
1349,2021-12-15 05:00:00,0.1791
1350,2021-12-15 06:00:00,0.1791
1351,2021-12-15 07:00:00,0.1808
1352,2021-12-15 08:00:00,0.1815
1353,2021-12-15 09:00:00,0.1811
1354,2021-12-15 10:00:00,0.1802
1355,2021-12-15 11:00:00,0.1792
1356,2021-12-15 12:00:00,0.1755
1357,2021-12-15 13:00:00,0.1768
1358,2021-12-15 14:00:00,0.1759
1359,2021-12-15 15:00:00,0.1709
1360,2021-12-15 16:00:00,0.1742
1361,2021-12-15 17:00:00,0.1747
1362,2021-12-15 18:00:00,0.1771
1363,2021-12-15 19:00:00,0.1825
1364,2021-12-15 20:00:00,0.182
1365,2021-12-15 21:00:00,0.1813
1366,2021-12-15 22:00:00,0.1794
1367,2021-12-15 23:00:00,0.1808
1368,2021-12-16 00:00:00,0.1811
1369,2021-12-16 01:00:00,0.1812
1370,2021-12-16 02:00:00,0.1816
1371,2021-12-16 03:00:00,0.1808
1372,2021-12-16 04:00:00,0.1792
1373,2021-12-16 05:00:00,0.1786
1374,2021-12-16 06:00:00,0.1801
1375,2021-12-16 07:00:00,0.1794
1376,2021-12-16 08:00:00,0.1798
1377,2021-12-16 09:00:00,0.1809
1378,2021-12-16 10:00:00,0.1829
1379,2021-12-16 11:00:00,0.1827
1380,2021-12-16 12:00:00,0.18
1381,2021-12-16 13:00:00,0.1813
1382,2021-12-16 14:00:00,0.1795
1383,2021-12-16 15:00:00,0.1798
1384,2021-12-16 16:00:00,0.1787
1385,2021-12-16 17:00:00,0.1767
1386,2021-12-16 18:00:00,0.1768
1387,2021-12-16 19:00:00,0.1745
1388,2021-12-16 20:00:00,0.1747
1389,2021-12-16 21:00:00,0.1761
1390,2021-12-16 22:00:00,0.1754
1391,2021-12-16 23:00:00,0.1732
1392,2021-12-17 00:00:00,0.1748
1393,2021-12-17 01:00:00,0.1749
1394,2021-12-17 02:00:00,0.175
1395,2021-12-17 03:00:00,0.1751
1396,2021-12-17 04:00:00,0.1757
1397,2021-12-17 05:00:00,0.1755
1398,2021-12-17 06:00:00,0.1743
1399,2021-12-17 07:00:00,0.1723
1400,2021-12-17 08:00:00,0.1732
1401,2021-12-17 09:00:00,0.1732
1402,2021-12-17 10:00:00,0.1711
1403,2021-12-17 11:00:00,0.1697
1404,2021-12-17 12:00:00,0.1699
1405,2021-12-17 13:00:00,0.1692
1406,2021-12-17 14:00:00,0.1645
1407,2021-12-17 15:00:00,0.1683
1408,2021-12-17 16:00:00,0.1717
1409,2021-12-17 17:00:00,0.1693
1410,2021-12-17 18:00:00,0.1703
1411,2021-12-17 19:00:00,0.1696
1412,2021-12-17 20:00:00,0.1675
1413,2021-12-17 21:00:00,0.1699
1414,2021-12-17 22:00:00,0.1699
1415,2021-12-17 23:00:00,0.1685
1416,2021-12-18 00:00:00,0.1691
1417,2021-12-18 01:00:00,0.1668
1418,2021-12-18 02:00:00,0.1673
1419,2021-12-18 03:00:00,0.1696
1420,2021-12-18 04:00:00,0.1718
1421,2021-12-18 05:00:00,0.1714
1422,2021-12-18 06:00:00,0.1707
1423,2021-12-18 07:00:00,0.1711
1424,2021-12-18 08:00:00,0.1711
1425,2021-12-18 09:00:00,0.1726
1426,2021-12-18 10:00:00,0.1741
1427,2021-12-18 11:00:00,0.1728
1428,2021-12-18 12:00:00,0.1728
1429,2021-12-18 13:00:00,0.1711
1430,2021-12-18 14:00:00,0.1728
1431,2021-12-18 15:00:00,0.1723
1432,2021-12-18 16:00:00,0.1717
1433,2021-12-18 17:00:00,0.1714
1434,2021-12-18 18:00:00,0.1724
1435,2021-12-18 19:00:00,0.1722
1436,2021-12-18 20:00:00,0.172
1437,2021-12-18 21:00:00,0.1727
1438,2021-12-18 22:00:00,0.1723
1439,2021-12-18 23:00:00,0.1723
1440,2021-12-19 00:00:00,0.171
1441,2021-12-19 01:00:00,0.1705
1442,2021-12-19 02:00:00,0.172
1443,2021-12-19 03:00:00,0.1727
1444,2021-12-19 04:00:00,0.1736
1445,2021-12-19 05:00:00,0.1726
1446,2021-12-19 06:00:00,0.1725
1447,2021-12-19 07:00:00,0.1735
1448,2021-12-19 08:00:00,0.1729
1449,2021-12-19 09:00:00,0.1718
1450,2021-12-19 10:00:00,0.1714
1451,2021-12-19 11:00:00,0.1711
1452,2021-12-19 12:00:00,0.1716
1453,2021-12-19 13:00:00,0.1723
1454,2021-12-19 14:00:00,0.1719
1455,2021-12-19 15:00:00,0.1714
1456,2021-12-19 16:00:00,0.171
1457,2021-12-19 17:00:00,0.1717
1458,2021-12-19 18:00:00,0.1717
1459,2021-12-19 19:00:00,0.17
1460,2021-12-19 20:00:00,0.1699
1461,2021-12-19 21:00:00,0.1697
1462,2021-12-19 22:00:00,0.1707
1463,2021-12-19 23:00:00,0.1694
1464,2021-12-20 00:00:00,0.17
1465,2021-12-20 01:00:00,0.1696
1466,2021-12-20 02:00:00,0.1699
1467,2021-12-20 03:00:00,0.1699
1468,2021-12-20 04:00:00,0.1704
1469,2021-12-20 05:00:00,0.1668
1470,2021-12-20 06:00:00,0.1669
1471,2021-12-20 07:00:00,0.1664
1472,2021-12-20 08:00:00,0.1657
1473,2021-12-20 09:00:00,0.1618
1474,2021-12-20 10:00:00,0.163
1475,2021-12-20 11:00:00,0.1642
1476,2021-12-20 12:00:00,0.1627
1477,2021-12-20 13:00:00,0.1627
1478,2021-12-20 14:00:00,0.1642
1479,2021-12-20 15:00:00,0.1624
1480,2021-12-20 16:00:00,0.1641
1481,2021-12-20 17:00:00,0.1634
1482,2021-12-20 18:00:00,0.1644
1483,2021-12-20 19:00:00,0.1674
1484,2021-12-20 20:00:00,0.1684
1485,2021-12-20 21:00:00,0.1675
1486,2021-12-20 22:00:00,0.1659
1487,2021-12-20 23:00:00,0.1671
1488,2021-12-21 00:00:00,0.1669
1489,2021-12-21 01:00:00,0.1667
1490,2021-12-21 02:00:00,0.1671
1491,2021-12-21 03:00:00,0.1698
1492,2021-12-21 04:00:00,0.1697
1493,2021-12-21 05:00:00,0.1707
1494,2021-12-21 06:00:00,0.1703
1495,2021-12-21 07:00:00,0.1701
1496,2021-12-21 08:00:00,0.1704
1497,2021-12-21 09:00:00,0.1706
1498,2021-12-21 10:00:00,0.1703
1499,2021-12-21 11:00:00,0.1704
1500,2021-12-21 12:00:00,0.1705
1501,2021-12-21 13:00:00,0.171
1502,2021-12-21 14:00:00,0.1695
1503,2021-12-21 15:00:00,0.1687
1504,2021-12-21 16:00:00,0.1696
1505,2021-12-21 17:00:00,0.1696
1506,2021-12-21 18:00:00,0.1694
1507,2021-12-21 19:00:00,0.1699
1508,2021-12-21 20:00:00,0.1697
1509,2021-12-21 21:00:00,0.1713
1510,2021-12-21 22:00:00,0.1717
1511,2021-12-21 23:00:00,0.1707
1512,2021-12-22 00:00:00,0.1698
1513,2021-12-22 01:00:00,0.1706
1514,2021-12-22 02:00:00,0.1719
1515,2021-12-22 03:00:00,0.1723
1516,2021-12-22 04:00:00,0.1729
1517,2021-12-22 05:00:00,0.1723
1518,2021-12-22 06:00:00,0.172
1519,2021-12-22 07:00:00,0.1727
1520,2021-12-22 08:00:00,0.1734
1521,2021-12-22 09:00:00,0.1721
1522,2021-12-22 10:00:00,0.1727
1523,2021-12-22 11:00:00,0.1733
1524,2021-12-22 12:00:00,0.1718
1525,2021-12-22 13:00:00,0.1724
1526,2021-12-22 14:00:00,0.174
1527,2021-12-22 15:00:00,0.1764
1528,2021-12-22 16:00:00,0.1758
1529,2021-12-22 17:00:00,0.1745
1530,2021-12-22 18:00:00,0.1743
1531,2021-12-22 19:00:00,0.1746
1532,2021-12-22 20:00:00,0.1757
1533,2021-12-22 21:00:00,0.1757
1534,2021-12-22 22:00:00,0.1749
1535,2021-12-22 23:00:00,0.173
1536,2021-12-23 00:00:00,0.1725
1537,2021-12-23 01:00:00,0.1735
1538,2021-12-23 02:00:00,0.1739
1539,2021-12-23 03:00:00,0.1745
1540,2021-12-23 04:00:00,0.1743
1541,2021-12-23 05:00:00,0.1742
1542,2021-12-23 06:00:00,0.1748
1543,2021-12-23 07:00:00,0.1746
1544,2021-12-23 08:00:00,0.1772
1545,2021-12-23 09:00:00,0.1767
1546,2021-12-23 10:00:00,0.1773
1547,2021-12-23 11:00:00,0.1756
1548,2021-12-23 12:00:00,0.1764
1549,2021-12-23 13:00:00,0.1769
1550,2021-12-23 14:00:00,0.1764
1551,2021-12-23 15:00:00,0.177
1552,2021-12-23 16:00:00,0.1781
1553,2021-12-23 17:00:00,0.1816
1554,2021-12-23 18:00:00,0.1825
1555,2021-12-23 19:00:00,0.1832
1556,2021-12-23 20:00:00,0.1818
1557,2021-12-23 21:00:00,0.182
1558,2021-12-23 22:00:00,0.1826
1559,2021-12-23 23:00:00,0.185
1560,2021-12-24 00:00:00,0.184
1561,2021-12-24 01:00:00,0.1835
1562,2021-12-24 02:00:00,0.1836
1563,2021-12-24 03:00:00,0.1829
1564,2021-12-24 04:00:00,0.1824
1565,2021-12-24 05:00:00,0.1813
1566,2021-12-24 06:00:00,0.1812
1567,2021-12-24 07:00:00,0.1813
1568,2021-12-24 08:00:00,0.182
1569,2021-12-24 09:00:00,0.183
1570,2021-12-24 10:00:00,0.1841
1571,2021-12-24 11:00:00,0.1835
1572,2021-12-24 12:00:00,0.187
1573,2021-12-24 13:00:00,0.1869
1574,2021-12-24 14:00:00,0.187
1575,2021-12-24 15:00:00,0.187
1576,2021-12-24 16:00:00,0.1896
1577,2021-12-24 17:00:00,0.1923
1578,2021-12-24 18:00:00,0.1938
1579,2021-12-24 19:00:00,0.1901
1580,2021-12-24 20:00:00,0.1919
1581,2021-12-24 21:00:00,0.191
1582,2021-12-24 22:00:00,0.187
1583,2021-12-24 23:00:00,0.1862
1584,2021-12-25 00:00:00,0.1887
1585,2021-12-25 01:00:00,0.1873
1586,2021-12-25 02:00:00,0.1865
1587,2021-12-25 03:00:00,0.1872
1588,2021-12-25 04:00:00,0.1899
1589,2021-12-25 05:00:00,0.1922
1590,2021-12-25 06:00:00,0.191
1591,2021-12-25 07:00:00,0.191
1592,2021-12-25 08:00:00,0.1904
1593,2021-12-25 09:00:00,0.1903
1594,2021-12-25 10:00:00,0.1882
1595,2021-12-25 11:00:00,0.1889
1596,2021-12-25 12:00:00,0.1902
1597,2021-12-25 13:00:00,0.1896
1598,2021-12-25 14:00:00,0.19
1599,2021-12-25 15:00:00,0.1907
1600,2021-12-25 16:00:00,0.1897
1601,2021-12-25 17:00:00,0.1889
1602,2021-12-25 18:00:00,0.1893
1603,2021-12-25 19:00:00,0.1899
1604,2021-12-25 20:00:00,0.1902
1605,2021-12-25 21:00:00,0.193
1606,2021-12-25 22:00:00,0.1912
1607,2021-12-25 23:00:00,0.1908
1608,2021-12-26 00:00:00,0.1902
1609,2021-12-26 01:00:00,0.1911
1610,2021-12-26 02:00:00,0.189
1611,2021-12-26 03:00:00,0.1858
1612,2021-12-26 04:00:00,0.1872
1613,2021-12-26 05:00:00,0.1867
1614,2021-12-26 06:00:00,0.187
1615,2021-12-26 07:00:00,0.187
1616,2021-12-26 08:00:00,0.1882
1617,2021-12-26 09:00:00,0.189
1618,2021-12-26 10:00:00,0.189
1619,2021-12-26 11:00:00,0.1875
1620,2021-12-26 12:00:00,0.1882
1621,2021-12-26 13:00:00,0.1877
1622,2021-12-26 14:00:00,0.1878
1623,2021-12-26 15:00:00,0.1885
1624,2021-12-26 16:00:00,0.1894
1625,2021-12-26 17:00:00,0.1898
1626,2021-12-26 18:00:00,0.1903
1627,2021-12-26 19:00:00,0.1907
1628,2021-12-26 20:00:00,0.19
1629,2021-12-26 21:00:00,0.1905
1630,2021-12-26 22:00:00,0.1914
1631,2021-12-26 23:00:00,0.1898
1632,2021-12-27 00:00:00,0.1893
1633,2021-12-27 01:00:00,0.19
1634,2021-12-27 02:00:00,0.1901
1635,2021-12-27 03:00:00,0.1907
1636,2021-12-27 04:00:00,0.1903
1637,2021-12-27 05:00:00,0.1897
1638,2021-12-27 06:00:00,0.1901
1639,2021-12-27 07:00:00,0.1896
1640,2021-12-27 08:00:00,0.1889
1641,2021-12-27 09:00:00,0.1898
1642,2021-12-27 10:00:00,0.1894
1643,2021-12-27 11:00:00,0.1913
1644,2021-12-27 12:00:00,0.1913
1645,2021-12-27 13:00:00,0.1919
1646,2021-12-27 14:00:00,0.1917
1647,2021-12-27 15:00:00,0.1909
1648,2021-12-27 16:00:00,0.1909
1649,2021-12-27 17:00:00,0.1921
1650,2021-12-27 18:00:00,0.1922
1651,2021-12-27 19:00:00,0.1906
1652,2021-12-27 20:00:00,0.1901
1653,2021-12-27 21:00:00,0.1895
1654,2021-12-27 22:00:00,0.189
1655,2021-12-27 23:00:00,0.1879
1656,2021-12-28 00:00:00,0.185
1657,2021-12-28 01:00:00,0.1821
1658,2021-12-28 02:00:00,0.182
1659,2021-12-28 03:00:00,0.1814
1660,2021-12-28 04:00:00,0.1796
1661,2021-12-28 05:00:00,0.1809
1662,2021-12-28 06:00:00,0.1811
1663,2021-12-28 07:00:00,0.1815
1664,2021-12-28 08:00:00,0.1817
1665,2021-12-28 09:00:00,0.1801
1666,2021-12-28 10:00:00,0.1808
1667,2021-12-28 11:00:00,0.1816
1668,2021-12-28 12:00:00,0.1813
1669,2021-12-28 13:00:00,0.181
1670,2021-12-28 14:00:00,0.1794
1671,2021-12-28 15:00:00,0.1783
1672,2021-12-28 16:00:00,0.1786
1673,2021-12-28 17:00:00,0.175
1674,2021-12-28 18:00:00,0.1753
1675,2021-12-28 19:00:00,0.1753
1676,2021-12-28 20:00:00,0.1762
1677,2021-12-28 21:00:00,0.1744
1678,2021-12-28 22:00:00,0.1741
1679,2021-12-28 23:00:00,0.1739
1680,2021-12-29 00:00:00,0.1754
1681,2021-12-29 01:00:00,0.1755
1682,2021-12-29 02:00:00,0.1765
1683,2021-12-29 03:00:00,0.1767
1684,2021-12-29 04:00:00,0.1756
1685,2021-12-29 05:00:00,0.1751
1686,2021-12-29 06:00:00,0.1757
1687,2021-12-29 07:00:00,0.1752
1688,2021-12-29 08:00:00,0.1763
1689,2021-12-29 09:00:00,0.1764
1690,2021-12-29 10:00:00,0.173
1691,2021-12-29 11:00:00,0.1729
1692,2021-12-29 12:00:00,0.1699
1693,2021-12-29 13:00:00,0.1709
1694,2021-12-29 14:00:00,0.1724
1695,2021-12-29 15:00:00,0.1727
1696,2021-12-29 16:00:00,0.1719
1697,2021-12-29 17:00:00,0.1711
1698,2021-12-29 18:00:00,0.1738
1699,2021-12-29 19:00:00,0.172
1700,2021-12-29 20:00:00,0.1726
1701,2021-12-29 21:00:00,0.1713
1702,2021-12-29 22:00:00,0.1713
1703,2021-12-29 23:00:00,0.168
1704,2021-12-30 00:00:00,0.1692
