Date,Close,Hour
2021-10-20,0.2431,0
2021-10-20,0.2432,1
2021-10-20,0.2422,2
2021-10-20,0.2428,3
2021-10-20,0.2435,4
2021-10-20,0.245,5
2021-10-20,0.2446,6
2021-10-20,0.2449,7
2021-10-20,0.2449,8
2021-10-20,0.2444,9
2021-10-20,0.2439,10
2021-10-20,0.244,11
2021-10-20,0.2459,12
2021-10-20,0.2498,13
2021-10-20,0.2524,14
2021-10-20,0.2522,15
2021-10-20,0.2563,16
2021-10-20,0.2534,17
2021-10-20,0.2547,18
2021-10-20,0.2574,19
2021-10-20,0.2559,20
2021-10-20,0.256,21
2021-10-20,0.2538,22
2021-10-20,0.2548,23
2021-10-21,0.255,0
2021-10-21,0.2531,1
2021-10-21,0.2534,2
2021-10-21,0.2529,3
2021-10-21,0.2523,4
2021-10-21,0.2532,5
2021-10-21,0.2518,6
2021-10-21,0.2518,7
2021-10-21,0.2534,8
2021-10-21,0.255,9
2021-10-21,0.2562,10
2021-10-21,0.2504,11
2021-10-21,0.2522,12
2021-10-21,0.2509,13
2021-10-21,0.2462,14
2021-10-21,0.2452,15
2021-10-21,0.2437,16
2021-10-21,0.2434,17
2021-10-21,0.2444,18
2021-10-21,0.2443,19
2021-10-21,0.2442,20
2021-10-21,0.2452,21
2021-10-21,0.2441,22
2021-10-21,0.2424,23
2021-10-22,0.2451,0
2021-10-22,0.2444,1
2021-10-22,0.2448,2
2021-10-22,0.2455,3
2021-10-22,0.2454,4
2021-10-22,0.2459,5
2021-10-22,0.2461,6
2021-10-22,0.2478,7
2021-10-22,0.2483,8
2021-10-22,0.2467,9
2021-10-22,0.2461,10
2021-10-22,0.2472,11
2021-10-22,0.2463,12
2021-10-22,0.242,13
2021-10-22,0.2402,14
2021-10-22,0.2395,15
2021-10-22,0.2399,16
2021-10-22,0.2378,17
2021-10-22,0.2411,18
2021-10-22,0.2488,19
2021-10-22,0.2482,20
2021-10-22,0.2445,21
2021-10-22,0.246,22
2021-10-22,0.2446,23
2021-10-23,0.2446,0
2021-10-23,0.2444,1
2021-10-23,0.2458,2
2021-10-23,0.2463,3
2021-10-23,0.2468,4
2021-10-23,0.2456,5
2021-10-23,0.2453,6
2021-10-23,0.2481,7
2021-10-23,0.247,8
2021-10-23,0.2458,9
2021-10-23,0.2432,10
2021-10-23,0.2459,11
2021-10-23,0.2461,12
2021-10-23,0.2452,13
2021-10-23,0.2458,14
2021-10-23,0.2468,15
2021-10-23,0.2466,16
2021-10-23,0.2503,17
2021-10-23,0.2493,18
2021-10-23,0.2468,19
2021-10-23,0.2483,20
2021-10-23,0.2492,21
2021-10-23,0.2489,22
2021-10-23,0.2511,23
2021-10-24,0.2499,0
2021-10-24,0.2491,1
2021-10-24,0.249,2
2021-10-24,0.2504,3
2021-10-24,0.2493,4
2021-10-24,0.2494,5
2021-10-24,0.2486,6
2021-10-24,0.2493,7
2021-10-24,0.2467,8
2021-10-24,0.2472,9
2021-10-24,0.2471,10
2021-10-24,0.264,11
2021-10-24,0.2581,12
2021-10-24,0.2587,13
2021-10-24,0.261,14
2021-10-24,0.2535,15
2021-10-24,0.2554,16
2021-10-24,0.257,17
2021-10-24,0.2616,18
2021-10-24,0.2627,19
2021-10-24,0.2597,20
2021-10-24,0.2656,21
2021-10-24,0.2679,22
2021-10-24,0.2756,23
2021-10-25,0.2754,0
2021-10-25,0.2743,1
2021-10-25,0.2745,2
2021-10-25,0.2685,3
2021-10-25,0.2716,4
2021-10-25,0.2688,5
2021-10-25,0.2687,6
2021-10-25,0.2685,7
2021-10-25,0.2661,8
2021-10-25,0.2653,9
2021-10-25,0.2633,10
2021-10-25,0.2619,11
2021-10-25,0.2632,12
2021-10-25,0.2679,13
2021-10-25,0.2647,14
2021-10-25,0.2661,15
2021-10-25,0.2638,16
2021-10-25,0.2633,17
2021-10-25,0.2632,18
2021-10-25,0.2629,19
2021-10-25,0.2654,20
2021-10-25,0.2635,21
2021-10-25,0.2653,22
2021-10-25,0.2651,23
2021-10-26,0.2638,0
2021-10-26,0.2636,1
2021-10-26,0.265,2
2021-10-26,0.2647,3
2021-10-26,0.2629,4
2021-10-26,0.2633,5
2021-10-26,0.2643,6
2021-10-26,0.2651,7
2021-10-26,0.27,8
2021-10-26,0.2713,9
2021-10-26,0.2702,10
2021-10-26,0.272,11
2021-10-26,0.2709,12
2021-10-26,0.2672,13
2021-10-26,0.2652,14
2021-10-26,0.2665,15
2021-10-26,0.2652,16
2021-10-26,0.2675,17
2021-10-26,0.2664,18
2021-10-26,0.2667,19
2021-10-26,0.266,20
2021-10-26,0.2619,21
2021-10-26,0.2553,22
2021-10-26,0.2559,23
2021-10-27,0.2575,0
2021-10-27,0.258,1
2021-10-27,0.2572,2
2021-10-27,0.2589,3
2021-10-27,0.2613,4
2021-10-27,0.2607,5
2021-10-27,0.2569,6
2021-10-27,0.2498,7
2021-10-27,0.2373,8
2021-10-27,0.2365,9
2021-10-27,0.2373,10
2021-10-27,0.237,11
2021-10-27,0.24,12
2021-10-27,0.2377,13
2021-10-27,0.2498,14
2021-10-27,0.2432,15
2021-10-27,0.2448,16
2021-10-27,0.2472,17
2021-10-27,0.2453,18
2021-10-27,0.2426,19
2021-10-27,0.241,20
2021-10-27,0.2414,21
2021-10-27,0.2388,22
2021-10-27,0.2379,23
2021-10-28,0.2336,0
2021-10-28,0.2393,1
2021-10-28,0.2358,2
2021-10-28,0.2358,3
2021-10-28,0.2399,4
2021-10-28,0.2733,5
2021-10-28,0.2938,6
2021-10-28,0.3291,7
2021-10-28,0.3013,8
2021-10-28,0.2992,9
2021-10-28,0.291,10
2021-10-28,0.2962,11
2021-10-28,0.3111,12
2021-10-28,0.3036,13
2021-10-28,0.3063,14
2021-10-28,0.3188,15
2021-10-28,0.3279,16
2021-10-28,0.3269,17
2021-10-28,0.3039,18
2021-10-28,0.3096,19
2021-10-28,0.3009,20
2021-10-28,0.3008,21
2021-10-28,0.2988,22
2021-10-28,0.2997,23
2021-10-29,0.3006,0
2021-10-29,0.2944,1
2021-10-29,0.2998,2
2021-10-29,0.2937,3
2021-10-29,0.2956,4
2021-10-29,0.2899,5
2021-10-29,0.2937,6
2021-10-29,0.2902,7
2021-10-29,0.2943,8
2021-10-29,0.2939,9
2021-10-29,0.293,10
2021-10-29,0.2845,11
2021-10-29,0.2856,12
2021-10-29,0.2861,13
2021-10-29,0.2826,14
2021-10-29,0.2881,15
2021-10-29,0.2887,16
2021-10-29,0.2885,17
2021-10-29,0.2913,18
2021-10-29,0.2905,19
2021-10-29,0.2932,20
2021-10-29,0.2924,21
2021-10-29,0.2897,22
2021-10-29,0.2882,23
2021-10-30,0.2865,0
2021-10-30,0.2839,1
2021-10-30,0.2874,2
2021-10-30,0.2855,3
2021-10-30,0.2856,4
2021-10-30,0.2948,5
2021-10-30,0.2896,6
2021-10-30,0.2888,7
2021-10-30,0.2855,8
2021-10-30,0.2839,9
2021-10-30,0.2851,10
2021-10-30,0.2848,11
2021-10-30,0.2809,12
2021-10-30,0.2773,13
2021-10-30,0.2707,14
2021-10-30,0.2747,15
2021-10-30,0.2729,16
2021-10-30,0.27,17
2021-10-30,0.2761,18
2021-10-30,0.2732,19
2021-10-30,0.272,20
2021-10-30,0.27,21
2021-10-30,0.2653,22
2021-10-30,0.269,23
2021-10-31,0.2676,0
2021-10-31,0.2645,1
2021-10-31,0.2656,2
2021-10-31,0.2678,3
2021-10-31,0.2687,4
2021-10-31,0.2704,5
2021-10-31,0.2681,6
2021-10-31,0.2704,7
2021-10-31,0.2642,8
2021-10-31,0.263,9
2021-10-31,0.2624,10
2021-10-31,0.2604,11
2021-10-31,0.2588,12
2021-10-31,0.2583,13
2021-10-31,0.2578,14
2021-10-31,0.2588,15
2021-10-31,0.2623,16
2021-10-31,0.2605,17
2021-10-31,0.269,18
2021-10-31,0.2703,19
2021-10-31,0.2731,20
2021-10-31,0.2771,21
2021-10-31,0.2781,22
2021-10-31,0.28,23
2021-11-01,0.2808,0
2021-11-01,0.2732,1
2021-11-01,0.2703,2
2021-11-01,0.2662,3
2021-11-01,0.2693,4
2021-11-01,0.2674,5
2021-11-01,0.2693,6
2021-11-01,0.273,7
2021-11-01,0.271,8
2021-11-01,0.2762,9
2021-11-01,0.2727,10
2021-11-01,0.2734,11
2021-11-01,0.272,12
2021-11-01,0.2717,13
2021-11-01,0.2702,14
2021-11-01,0.2699,15
2021-11-01,0.2731,16
2021-11-01,0.2699,17
2021-11-01,0.2698,18
2021-11-01,0.2714,19
2021-11-01,0.2698,20
2021-11-01,0.2696,21
2021-11-01,0.2708,22
2021-11-01,0.2716,23
2021-11-02,0.2691,0
2021-11-02,0.2678,1
2021-11-02,0.2696,2
2021-11-02,0.2704,3
2021-11-02,0.271,4
2021-11-02,0.2759,5
2021-11-02,0.277,6
2021-11-02,0.2746,7
2021-11-02,0.2723,8
2021-11-02,0.2734,9
2021-11-02,0.2726,10
2021-11-02,0.2724,11
2021-11-02,0.2711,12
2021-11-02,0.2721,13
2021-11-02,0.2736,14
2021-11-02,0.2727,15
2021-11-02,0.2724,16
2021-11-02,0.2724,17
2021-11-02,0.2734,18
2021-11-02,0.2756,19
2021-11-02,0.2737,20
2021-11-02,0.2748,21
2021-11-02,0.2737,22
2021-11-02,0.2739,23
2021-11-03,0.2738,0
2021-11-03,0.2725,1
2021-11-03,0.2715,2
2021-11-03,0.2716,3
2021-11-03,0.2708,4
2021-11-03,0.2732,5
2021-11-03,0.2719,6
2021-11-03,0.2742,7
2021-11-03,0.2758,8
2021-11-03,0.2756,9
2021-11-03,0.2735,10
2021-11-03,0.2735,11
2021-11-03,0.2665,12
2021-11-03,0.2653,13
2021-11-03,0.2659,14
2021-11-03,0.2663,15
2021-11-03,0.2658,16
2021-11-03,0.2679,17
2021-11-03,0.2703,18
2021-11-03,0.2703,19
2021-11-03,0.2688,20
2021-11-03,0.2697,21
2021-11-03,0.2674,22
2021-11-03,0.2689,23
2021-11-04,0.2679,0
2021-11-04,0.2675,1
2021-11-04,0.2695,2
2021-11-04,0.2692,3
2021-11-04,0.2693,4
2021-11-04,0.267,5
2021-11-04,0.2674,6
2021-11-04,0.2638,7
2021-11-04,0.2631,8
2021-11-04,0.2653,9
2021-11-04,0.2639,10
2021-11-04,0.2622,11
2021-11-04,0.264,12
2021-11-04,0.2616,13
2021-11-04,0.2612,14
2021-11-04,0.2555,15
2021-11-04,0.2585,16
2021-11-04,0.2568,17
2021-11-04,0.2578,18
2021-11-04,0.2607,19
2021-11-04,0.2618,20
2021-11-04,0.2622,21
2021-11-04,0.2617,22
2021-11-04,0.263,23
2021-11-05,0.2581,0
2021-11-05,0.2605,1
2021-11-05,0.2594,2
2021-11-05,0.2617,3
2021-11-05,0.2614,4
2021-11-05,0.2611,5
2021-11-05,0.2613,6
2021-11-05,0.2616,7
2021-11-05,0.2692,8
2021-11-05,0.2645,9
2021-11-05,0.2635,10
2021-11-05,0.2603,11
2021-11-05,0.2617,12
2021-11-05,0.2634,13
2021-11-05,0.259,14
2021-11-05,0.2607,15
2021-11-05,0.2608,16
2021-11-05,0.2611,17
2021-11-05,0.2623,18
2021-11-05,0.2604,19
2021-11-05,0.2588,20
2021-11-05,0.26,21
2021-11-05,0.261,22
2021-11-05,0.2609,23
2021-11-06,0.2633,0
2021-11-06,0.2647,1
2021-11-06,0.2631,2
2021-11-06,0.2636,3
2021-11-06,0.2643,4
2021-11-06,0.2632,5
2021-11-06,0.2633,6
2021-11-06,0.261,7
2021-11-06,0.2601,8
2021-11-06,0.2601,9
2021-11-06,0.2565,10
2021-11-06,0.255,11
2021-11-06,0.2548,12
2021-11-06,0.2562,13
2021-11-06,0.2562,14
2021-11-06,0.2564,15
2021-11-06,0.2578,16
2021-11-06,0.2577,17
2021-11-06,0.2579,18
2021-11-06,0.2615,19
2021-11-06,0.2602,20
2021-11-06,0.2614,21
2021-11-06,0.2628,22
2021-11-06,0.2618,23
2021-11-07,0.2628,0
2021-11-07,0.2622,1
2021-11-07,0.2618,2
2021-11-07,0.2624,3
2021-11-07,0.2614,4
2021-11-07,0.2605,5
2021-11-07,0.2589,6
2021-11-07,0.2598,7
2021-11-07,0.2607,8
2021-11-07,0.2628,9
2021-11-07,0.2627,10
2021-11-07,0.2628,11
2021-11-07,0.2614,12
2021-11-07,0.2637,13
2021-11-07,0.2633,14
2021-11-07,0.2654,15
2021-11-07,0.2666,16
2021-11-07,0.2666,17
2021-11-07,0.2643,18
2021-11-07,0.2648,19
2021-11-07,0.2642,20
2021-11-07,0.2664,21
2021-11-07,0.266,22
2021-11-07,0.2664,23
2021-11-08,0.2679,0
2021-11-08,0.2697,1
2021-11-08,0.2697,2
2021-11-08,0.2692,3
2021-11-08,0.2714,4
2021-11-08,0.2747,5
2021-11-08,0.2723,6
2021-11-08,0.2728,7
2021-11-08,0.2934,8
2021-11-08,0.286,9
2021-11-08,0.2835,10
2021-11-08,0.2836,11
2021-11-08,0.2786,12
2021-11-08,0.2767,13
2021-11-08,0.2782,14
2021-11-08,0.2804,15
2021-11-08,0.2786,16
2021-11-08,0.279,17
2021-11-08,0.2774,18
2021-11-08,0.2816,19
2021-11-08,0.278,20
2021-11-08,0.2777,21
2021-11-08,0.2784,22
2021-11-08,0.2819,23
2021-11-09,0.2829,0
2021-11-09,0.2817,1
2021-11-09,0.2856,2
2021-11-09,0.2836,3
2021-11-09,0.2843,4
2021-11-09,0.2852,5
2021-11-09,0.2831,6
2021-11-09,0.2799,7
2021-11-09,0.2812,8
2021-11-09,0.2807,9
2021-11-09,0.2792,10
2021-11-09,0.2761,11
2021-11-09,0.2761,12
2021-11-09,0.2787,13
2021-11-09,0.2746,14
2021-11-09,0.2743,15
2021-11-09,0.2745,16
2021-11-09,0.2753,17
2021-11-09,0.2737,18
2021-11-09,0.2755,19
2021-11-09,0.2751,20
2021-11-09,0.2755,21
2021-11-09,0.275,22
2021-11-09,0.2736,23
2021-11-10,0.2737,0
2021-11-10,0.2732,1
2021-11-10,0.2737,2
2021-11-10,0.2704,3
2021-11-10,0.2709,4
2021-11-10,0.2701,5
2021-11-10,0.2721,6
2021-11-10,0.2723,7
2021-11-10,0.2726,8
2021-11-10,0.2735,9
2021-11-10,0.2743,10
2021-11-10,0.2719,11
2021-11-10,0.2699,12
2021-11-10,0.2746,13
2021-11-10,0.2725,14
2021-11-10,0.2715,15
2021-11-10,0.2712,16
2021-11-10,0.2708,17
2021-11-10,0.2683,18
2021-11-10,0.2617,19
2021-11-10,0.2586,20
2021-11-10,0.2463,21
2021-11-10,0.2557,22
2021-11-10,0.2553,23
2021-11-11,0.2577,0
2021-11-11,0.2574,1
2021-11-11,0.2593,2
2021-11-11,0.2611,3
2021-11-11,0.2626,4
2021-11-11,0.2602,5
2021-11-11,0.2618,6
2021-11-11,0.2613,7
2021-11-11,0.2612,8
2021-11-11,0.2618,9
2021-11-11,0.2599,10
2021-11-11,0.2606,11
2021-11-11,0.2603,12
2021-11-11,0.2591,13
2021-11-11,0.2607,14
2021-11-11,0.2659,15
2021-11-11,0.2635,16
2021-11-11,0.2618,17
2021-11-11,0.2613,18
2021-11-11,0.2634,19
2021-11-11,0.2605,20
2021-11-11,0.2616,21
2021-11-11,0.2632,22
2021-11-11,0.2605,23
2021-11-12,0.262,0
2021-11-12,0.2622,1
2021-11-12,0.266,2
2021-11-12,0.2653,3
2021-11-12,0.2637,4
2021-11-12,0.2611,5
2021-11-12,0.2608,6
2021-11-12,0.2606,7
2021-11-12,0.2618,8
2021-11-12,0.2546,9
2021-11-12,0.2537,10
2021-11-12,0.2548,11
2021-11-12,0.256,12
2021-11-12,0.2571,13
2021-11-12,0.2557,14
2021-11-12,0.2539,15
2021-11-12,0.2552,16
2021-11-12,0.2563,17
2021-11-12,0.256,18
2021-11-12,0.2559,19
2021-11-12,0.2596,20
2021-11-12,0.2587,21
2021-11-12,0.2585,22
2021-11-12,0.2593,23
2021-11-13,0.2595,0
2021-11-13,0.2565,1
2021-11-13,0.2557,2
2021-11-13,0.2564,3
2021-11-13,0.2556,4
2021-11-13,0.2551,5
2021-11-13,0.2577,6
2021-11-13,0.258,7
2021-11-13,0.2569,8
2021-11-13,0.2594,9
2021-11-13,0.2582,10
2021-11-13,0.2576,11
2021-11-13,0.2566,12
2021-11-13,0.2572,13
2021-11-13,0.2596,14
2021-11-13,0.2591,15
2021-11-13,0.2593,16
2021-11-13,0.2609,17
2021-11-13,0.2595,18
2021-11-13,0.2591,19
2021-11-13,0.26,20
2021-11-13,0.2617,21
2021-11-13,0.2612,22
2021-11-13,0.2613,23
2021-11-14,0.2613,0
2021-11-14,0.2621,1
2021-11-14,0.2616,2
2021-11-14,0.2613,3
2021-11-14,0.2612,4
2021-11-14,0.261,5
2021-11-14,0.261,6
2021-11-14,0.2611,7
2021-11-14,0.2662,8
2021-11-14,0.2655,9
2021-11-14,0.263,10
2021-11-14,0.2639,11
2021-11-14,0.263,12
2021-11-14,0.2647,13
2021-11-14,0.2614,14
2021-11-14,0.2612,15
2021-11-14,0.261,16
2021-11-14,0.262,17
2021-11-14,0.2614,18
2021-11-14,0.2615,19
2021-11-14,0.2619,20
2021-11-14,0.2615,21
2021-11-14,0.2615,22
2021-11-14,0.2628,23
2021-11-15,0.2641,0
2021-11-15,0.2633,1
2021-11-15,0.2623,2
2021-11-15,0.2623,3
2021-11-15,0.2636,4
2021-11-15,0.2635,5
2021-11-15,0.263,6
2021-11-15,0.2623,7
2021-11-15,0.2623,8
2021-11-15,0.263,9
2021-11-15,0.2626,10
2021-11-15,0.262,11
2021-11-15,0.2624,12
2021-11-15,0.2618,13
2021-11-15,0.26,14
2021-11-15,0.258,15
2021-11-15,0.2588,16
2021-11-15,0.2581,17
2021-11-15,0.2576,18
2021-11-15,0.259,19
2021-11-15,0.2573,20
2021-11-15,0.2586,21
2021-11-15,0.2581,22
2021-11-15,0.2566,23
2021-11-16,0.2515,0
2021-11-16,0.2516,1
2021-11-16,0.2492,2
2021-11-16,0.2466,3
2021-11-16,0.248,4
2021-11-16,0.2475,5
2021-11-16,0.2471,6
2021-11-16,0.2462,7
2021-11-16,0.2458,8
2021-11-16,0.2388,9
2021-11-16,0.2373,10
2021-11-16,0.24,11
2021-11-16,0.2371,12
2021-11-16,0.2401,13
2021-11-16,0.2433,14
2021-11-16,0.2409,15
2021-11-16,0.2413,16
2021-11-16,0.2398,17
2021-11-16,0.238,18
2021-11-16,0.2387,19
2021-11-16,0.2356,20
2021-11-16,0.239,21
2021-11-16,0.2395,22
2021-11-16,0.2365,23
2021-11-17,0.2353,0
2021-11-17,0.2343,1
2021-11-17,0.2331,2
2021-11-17,0.2322,3
2021-11-17,0.2339,4
2021-11-17,0.235,5
2021-11-17,0.2348,6
2021-11-17,0.2369,7
2021-11-17,0.2359,8
2021-11-17,0.2332,9
2021-11-17,0.239,10
2021-11-17,0.2395,11
2021-11-17,0.2391,12
2021-11-17,0.2383,13
2021-11-17,0.2352,14
2021-11-17,0.2364,15
2021-11-17,0.2387,16
2021-11-17,0.2377,17
2021-11-17,0.2374,18
2021-11-17,0.2355,19
2021-11-17,0.2374,20
2021-11-17,0.2365,21
2021-11-17,0.236,22
2021-11-17,0.2374,23
2021-11-18,0.2396,0
2021-11-18,0.2393,1
2021-11-18,0.2404,2
2021-11-18,0.2372,3
2021-11-18,0.2349,4
2021-11-18,0.2345,5
2021-11-18,0.2342,6
2021-11-18,0.2337,7
2021-11-18,0.2326,8
2021-11-18,0.2305,9
2021-11-18,0.2327,10
2021-11-18,0.2302,11
2021-11-18,0.2298,12
2021-11-18,0.2288,13
2021-11-18,0.2269,14
2021-11-18,0.224,15
2021-11-18,0.2207,16
2021-11-18,0.2237,17
2021-11-18,0.2269,18
2021-11-18,0.2265,19
2021-11-18,0.2256,20
2021-11-18,0.223,21
2021-11-18,0.2204,22
2021-11-18,0.2208,23
2021-11-19,0.2242,0
2021-11-19,0.2206,1
2021-11-19,0.2167,2
2021-11-19,0.218,3
2021-11-19,0.221,4
2021-11-19,0.2226,5
2021-11-19,0.2219,6
2021-11-19,0.2221,7
2021-11-19,0.2262,8
2021-11-19,0.2258,9
2021-11-19,0.2254,10
2021-11-19,0.2257,11
2021-11-19,0.2269,12
2021-11-19,0.2339,13
2021-11-19,0.234,14
2021-11-19,0.2357,15
2021-11-19,0.2347,16
2021-11-19,0.2334,17
2021-11-19,0.2326,18
2021-11-19,0.2329,19
2021-11-19,0.232,20
2021-11-19,0.2318,21
2021-11-19,0.2322,22
2021-11-19,0.2329,23
2021-11-20,0.2332,0
2021-11-20,0.2347,1
2021-11-20,0.2335,2
2021-11-20,0.2327,3
2021-11-20,0.2331,4
2021-11-20,0.2315,5
2021-11-20,0.2333,6
2021-11-20,0.232,7
2021-11-20,0.2325,8
2021-11-20,0.2325,9
2021-11-20,0.2326,10
2021-11-20,0.2329,11
2021-11-20,0.233,12
2021-11-20,0.232,13
2021-11-20,0.2299,14
2021-11-20,0.2258,15
2021-11-20,0.2269,16
2021-11-20,0.2265,17
2021-11-20,0.2309,18
2021-11-20,0.2303,19
2021-11-20,0.2304,20
2021-11-20,0.2317,21
2021-11-20,0.2349,22
2021-11-20,0.233,23
2021-11-21,0.2311,0
2021-11-21,0.2306,1
2021-11-21,0.2296,2
2021-11-21,0.2287,3
2021-11-21,0.2278,4
2021-11-21,0.2303,5
2021-11-21,0.2301,6
2021-11-21,0.229,7
2021-11-21,0.2279,8
2021-11-21,0.2292,9
2021-11-21,0.2283,10
2021-11-21,0.2286,11
2021-11-21,0.229,12
2021-11-21,0.2274,13
2021-11-21,0.2276,14
2021-11-21,0.2294,15
2021-11-21,0.2309,16
2021-11-21,0.2288,17
2021-11-21,0.2284,18
2021-11-21,0.2271,19
2021-11-21,0.2292,20
2021-11-21,0.2285,21
2021-11-21,0.2275,22
2021-11-21,0.2255,23
2021-11-22,0.2238,0
2021-11-22,0.2238,1
2021-11-22,0.2224,2
2021-11-22,0.222,3
2021-11-22,0.2208,4
2021-11-22,0.2222,5
2021-11-22,0.2218,6
2021-11-22,0.2219,7
2021-11-22,0.2223,8
2021-11-22,0.222,9
2021-11-22,0.2233,10
2021-11-22,0.2224,11
2021-11-22,0.2227,12
2021-11-22,0.2255,13
2021-11-22,0.2232,14
2021-11-22,0.2229,15
2021-11-22,0.2227,16
2021-11-22,0.2215,17
2021-11-22,0.2188,18
2021-11-22,0.218,19
2021-11-22,0.2177,20
2021-11-22,0.2197,21
2021-11-22,0.2206,22
2021-11-22,0.2195,23
2021-11-23,0.2203,0
2021-11-23,0.2201,1
2021-11-23,0.2223,2
2021-11-23,0.2222,3
2021-11-23,0.2227,4
2021-11-23,0.2211,5
2021-11-23,0.2197,6
2021-11-23,0.2183,7
2021-11-23,0.2186,8
2021-11-23,0.2171,9
2021-11-23,0.229,10
2021-11-23,0.2222,11
2021-11-23,0.2233,12
2021-11-23,0.227,13
2021-11-23,0.2331,14
2021-11-23,0.2302,15
2021-11-23,0.2291,16
2021-11-23,0.2277,17
2021-11-23,0.2265,18
2021-11-23,0.2266,19
2021-11-23,0.2266,20
2021-11-23,0.2258,21
2021-11-23,0.225,22
2021-11-23,0.2266,23
2021-11-24,0.2263,0
2021-11-24,0.2249,1
2021-11-24,0.2218,2
2021-11-24,0.2225,3
2021-11-24,0.2232,4
2021-11-24,0.2227,5
2021-11-24,0.2213,6
2021-11-24,0.2207,7
2021-11-24,0.2216,8
2021-11-24,0.2199,9
2021-11-24,0.2169,10
2021-11-24,0.2189,11
2021-11-24,0.2176,12
2021-11-24,0.214,13
2021-11-24,0.214,14
2021-11-24,0.2162,15
2021-11-24,0.215,16
2021-11-24,0.2156,17
2021-11-24,0.2156,18
2021-11-24,0.2152,19
2021-11-24,0.2174,20
2021-11-24,0.2172,21
2021-11-24,0.2165,22
2021-11-24,0.217,23
2021-11-25,0.2187,0
2021-11-25,0.2192,1
2021-11-25,0.2198,2
2021-11-25,0.2191,3
2021-11-25,0.2167,4
2021-11-25,0.2161,5
2021-11-25,0.2162,6
2021-11-25,0.2172,7
2021-11-25,0.2159,8
2021-11-25,0.2159,9
2021-11-25,0.2178,10
2021-11-25,0.2191,11
2021-11-25,0.2223,12
2021-11-25,0.2211,13
2021-11-25,0.2222,14
2021-11-25,0.221,15
2021-11-25,0.2219,16
2021-11-25,0.2245,17
2021-11-25,0.2248,18
2021-11-25,0.223,19
2021-11-25,0.222,20
2021-11-25,0.2212,21
2021-11-25,0.2215,22
2021-11-25,0.2209,23
2021-11-26,0.219,0
2021-11-26,0.2195,1
2021-11-26,0.2185,2
2021-11-26,0.2177,3
2021-11-26,0.2173,4
2021-11-26,0.2172,5
2021-11-26,0.2169,6
2021-11-26,0.2137,7
2021-11-26,0.1994,8
2021-11-26,0.1998,9
2021-11-26,0.1991,10
2021-11-26,0.197,11
2021-11-26,0.203,12
2021-11-26,0.205,13
2021-11-26,0.204,14
2021-11-26,0.2034,15
2021-11-26,0.2044,16
2021-11-26,0.2035,17
2021-11-26,0.2038,18
2021-11-26,0.2037,19
2021-11-26,0.2062,20
2021-11-26,0.2032,21
2021-11-26,0.2027,22
2021-11-26,0.2016,23
2021-11-27,0.2036,0
2021-11-27,0.2039,1
2021-11-27,0.2052,2
2021-11-27,0.2046,3
2021-11-27,0.2079,4
2021-11-27,0.2052,5
2021-11-27,0.205,6
2021-11-27,0.2054,7
2021-11-27,0.2078,8
2021-11-27,0.2059,9
2021-11-27,0.207,10
2021-11-27,0.2063,11
2021-11-27,0.2061,12
2021-11-27,0.2071,13
2021-11-27,0.2063,14
2021-11-27,0.207,15
2021-11-27,0.207,16
2021-11-27,0.2074,17
2021-11-27,0.2073,18
2021-11-27,0.2062,19
2021-11-27,0.2032,20
2021-11-27,0.2051,21
2021-11-27,0.2053,22
2021-11-27,0.2049,23
2021-11-28,0.2039,0
2021-11-28,0.2002,1
2021-11-28,0.2017,2
2021-11-28,0.1994,3
2021-11-28,0.1983,4
2021-11-28,0.2003,5
2021-11-28,0.2005,6
2021-11-28,0.2008,7
2021-11-28,0.1994,8
2021-11-28,0.2002,9
2021-11-28,0.2013,10
2021-11-28,0.2003,11
2021-11-28,0.2003,12
2021-11-28,0.1995,13
2021-11-28,0.1993,14
2021-11-28,0.199,15
2021-11-28,0.1979,16
2021-11-28,0.1954,17
2021-11-28,0.196,18
2021-11-28,0.198,19
2021-11-28,0.1999,20
2021-11-28,0.2045,21
2021-11-28,0.2026,22
2021-11-28,0.2073,23
2021-11-29,0.2073,0
2021-11-29,0.2068,1
2021-11-29,0.2047,2
2021-11-29,0.2051,3
2021-11-29,0.2045,4
2021-11-29,0.2053,5
2021-11-29,0.2071,6
2021-11-29,0.2067,7
2021-11-29,0.2055,8
2021-11-29,0.2033,9
2021-11-29,0.205,10
2021-11-29,0.2037,11
2021-11-29,0.2042,12
2021-11-29,0.2198,13
2021-11-29,0.2152,14
2021-11-29,0.2153,15
2021-11-29,0.2143,16
2021-11-29,0.2158,17
2021-11-29,0.2167,18
2021-11-29,0.215,19
2021-11-29,0.2155,20
2021-11-29,0.2176,21
2021-11-29,0.2154,22
2021-11-29,0.215,23
2021-11-30,0.221,0
2021-11-30,0.2165,1
2021-11-30,0.2172,2
2021-11-30,0.2217,3
2021-11-30,0.2235,4
2021-11-30,0.2168,5
2021-11-30,0.2181,6
2021-11-30,0.2163,7
2021-11-30,0.2168,8
2021-11-30,0.2166,9
2021-11-30,0.2184,10
2021-11-30,0.2212,11
2021-11-30,0.2212,12
2021-11-30,0.2216,13
2021-11-30,0.2219,14
2021-11-30,0.2166,15
2021-11-30,0.2144,16
2021-11-30,0.2158,17
2021-11-30,0.2185,18
2021-11-30,0.2166,19
2021-11-30,0.2157,20
2021-11-30,0.2155,21
2021-11-30,0.2164,22
2021-11-30,0.2147,23
2021-12-01,0.2159,0
2021-12-01,0.2151,1
2021-12-01,0.2163,2
2021-12-01,0.2161,3
2021-12-01,0.2151,4
2021-12-01,0.2136,5
2021-12-01,0.2151,6
2021-12-01,0.2156,7
2021-12-01,0.2144,8
2021-12-01,0.2145,9
2021-12-01,0.2136,10
2021-12-01,0.2134,11
2021-12-01,0.2131,12
2021-12-01,0.2142,13
2021-12-01,0.216,14
2021-12-01,0.2154,15
2021-12-01,0.2147,16
2021-12-01,0.2132,17
2021-12-01,0.2117,18
2021-12-01,0.2106,19
2021-12-01,0.2073,20
2021-12-01,0.2076,21
2021-12-01,0.208,22
2021-12-01,0.2093,23
2021-12-02,0.2079,0
2021-12-02,0.2084,1
2021-12-02,0.207,2
2021-12-02,0.2039,3
2021-12-02,0.2052,4
2021-12-02,0.2057,5
2021-12-02,0.2057,6
2021-12-02,0.2059,7
2021-12-02,0.2205,8
2021-12-02,0.214,9
2021-12-02,0.2165,10
2021-12-02,0.2153,11
2021-12-02,0.2147,12
2021-12-02,0.2121,13
2021-12-02,0.2125,14
2021-12-02,0.2108,15
2021-12-02,0.2094,16
2021-12-02,0.2098,17
2021-12-02,0.2087,18
2021-12-02,0.2082,19
2021-12-02,0.2101,20
2021-12-02,0.2113,21
2021-12-02,0.2108,22
2021-12-02,0.2095,23
2021-12-03,0.2099,0
2021-12-03,0.2093,1
2021-12-03,0.2069,2
2021-12-03,0.2072,3
2021-12-03,0.2084,4
2021-12-03,0.2091,5
2021-12-03,0.2099,6
2021-12-03,0.2094,7
2021-12-03,0.2094,8
2021-12-03,0.2095,9
2021-12-03,0.2099,10
2021-12-03,0.2091,11
2021-12-03,0.2095,12
2021-12-03,0.2096,13
2021-12-03,0.2068,14
2021-12-03,0.2051,15
2021-12-03,0.2005,16
2021-12-03,0.2022,17
2021-12-03,0.2027,18
2021-12-03,0.1996,19
2021-12-03,0.1994,20
2021-12-03,0.2004,21
2021-12-03,0.1992,22
2021-12-03,0.1999,23
2021-12-04,0.1965,0
2021-12-04,0.1968,1
2021-12-04,0.1974,2
2021-12-04,0.1898,3
2021-12-04,0.1829,4
2021-12-04,0.1614,5
2021-12-04,0.1608,6
2021-12-04,0.1611,7
2021-12-04,0.164,8
2021-12-04,0.168,9
2021-12-04,0.1678,10
2021-12-04,0.159,11
2021-12-04,0.1616,12
2021-12-04,0.1673,13
2021-12-04,0.1732,14
2021-12-04,0.1751,15
2021-12-04,0.1729,16
2021-12-04,0.1751,17
2021-12-04,0.1782,18
2021-12-04,0.1801,19
2021-12-04,0.1767,20
2021-12-04,0.1756,21
2021-12-04,0.1787,22
2021-12-04,0.1781,23
2021-12-05,0.1757,0
2021-12-05,0.173,1
2021-12-05,0.1743,2
2021-12-05,0.1781,3
2021-12-05,0.1767,4
2021-12-05,0.1785,5
2021-12-05,0.1776,6
2021-12-05,0.1758,7
2021-12-05,0.177,8
2021-12-05,0.1739,9
2021-12-05,0.1746,10
2021-12-05,0.1743,11
2021-12-05,0.1751,12
2021-12-05,0.1736,13
2021-12-05,0.1686,14
2021-12-05,0.1659,15
2021-12-05,0.1683,16
2021-12-05,0.1707,17
2021-12-05,0.1692,18
2021-12-05,0.1689,19
2021-12-05,0.169,20
2021-12-05,0.1693,21
2021-12-05,0.1707,22
2021-12-05,0.1712,23
2021-12-06,0.1672,0
2021-12-06,0.1692,1
2021-12-06,0.1705,2
2021-12-06,0.1708,3
2021-12-06,0.1696,4
2021-12-06,0.1676,5
2021-12-06,0.1652,6
2021-12-06,0.1648,7
2021-12-06,0.1653,8
2021-12-06,0.1613,9
2021-12-06,0.1613,10
2021-12-06,0.1659,11
2021-12-06,0.1657,12
2021-12-06,0.1655,13
2021-12-06,0.1659,14
2021-12-06,0.1724,15
2021-12-06,0.1728,16
2021-12-06,0.1729,17
2021-12-06,0.1733,18
2021-12-06,0.1738,19
2021-12-06,0.1735,20
2021-12-06,0.1772,21
2021-12-06,0.1785,22
2021-12-06,0.1776,23
2021-12-07,0.1787,0
2021-12-07,0.1794,1
2021-12-07,0.1777,2
2021-12-07,0.1794,3
2021-12-07,0.1784,4
2021-12-07,0.1783,5
2021-12-07,0.1799,6
2021-12-07,0.179,7
2021-12-07,0.1804,8
2021-12-07,0.18,9
2021-12-07,0.1803,10
2021-12-07,0.1812,11
2021-12-07,0.1771,12
2021-12-07,0.1792,13
2021-12-07,0.1811,14
2021-12-07,0.181,15
2021-12-07,0.1797,16
2021-12-07,0.1796,17
2021-12-07,0.1794,18
2021-12-07,0.1795,19
2021-12-07,0.1777,20
2021-12-07,0.1782,21
2021-12-07,0.1754,22
2021-12-07,0.1762,23
2021-12-08,0.1777,0
2021-12-08,0.1776,1
2021-12-08,0.1774,2
2021-12-08,0.1767,3
2021-12-08,0.1776,4
2021-12-08,0.1778,5
2021-12-08,0.1804,6
2021-12-08,0.1802,7
2021-12-08,0.1803,8
2021-12-08,0.1791,9
2021-12-08,0.174,10
2021-12-08,0.1743,11
2021-12-08,0.1769,12
2021-12-08,0.1753,13
2021-12-08,0.1791,14
2021-12-08,0.179,15
2021-12-08,0.1787,16
2021-12-08,0.1788,17
2021-12-08,0.1799,18
2021-12-08,0.1795,19
2021-12-08,0.1797,20
2021-12-08,0.1792,21
2021-12-08,0.1782,22
2021-12-08,0.179,23
2021-12-09,0.1796,0
2021-12-09,0.1787,1
2021-12-09,0.1773,2
2021-12-09,0.1768,3
2021-12-09,0.1779,4
2021-12-09,0.1768,5
2021-12-09,0.1763,6
2021-12-09,0.1774,7
2021-12-09,0.1766,8
2021-12-09,0.1796,9
2021-12-09,0.1785,10
2021-12-09,0.1777,11
2021-12-09,0.178,12
2021-12-09,0.1775,13
2021-12-09,0.1738,14
2021-12-09,0.1732,15
2021-12-09,0.1754,16
2021-12-09,0.1731,17
2021-12-09,0.1707,18
2021-12-09,0.172,19
2021-12-09,0.1714,20
2021-12-09,0.172,21
2021-12-09,0.1716,22
2021-12-09,0.1691,23
2021-12-10,0.1704,0
2021-12-10,0.1713,1
2021-12-10,0.1715,2
2021-12-10,0.171,3
2021-12-10,0.1703,4
2021-12-10,0.17,5
2021-12-10,0.1676,6
2021-12-10,0.1664,7
2021-12-10,0.168,8
2021-12-10,0.1692,9
2021-12-10,0.1689,10
2021-12-10,0.1704,11
2021-12-10,0.1717,12
2021-12-10,0.1735,13
2021-12-10,0.1679,14
2021-12-10,0.1676,15
2021-12-10,0.1677,16
2021-12-10,0.1692,17
2021-12-10,0.1682,18
2021-12-10,0.1686,19
2021-12-10,0.1687,20
2021-12-10,0.1673,21
2021-12-10,0.166,22
2021-12-10,0.1641,23
2021-12-11,0.1637,0
2021-12-11,0.1648,1
2021-12-11,0.1653,2
2021-12-11,0.1648,3
2021-12-11,0.1667,4
2021-12-11,0.1661,5
2021-12-11,0.1656,6
2021-12-11,0.1666,7
2021-12-11,0.1673,8
2021-12-11,0.1678,9
2021-12-11,0.1676,10
2021-12-11,0.1675,11
2021-12-11,0.1681,12
2021-12-11,0.1679,13
2021-12-11,0.1685,14
2021-12-11,0.1686,15
2021-12-11,0.1686,16
2021-12-11,0.1684,17
2021-12-11,0.1677,18
2021-12-11,0.1666,19
2021-12-11,0.1669,20
2021-12-11,0.1673,21
2021-12-11,0.1677,22
2021-12-11,0.1689,23
2021-12-12,0.1686,0
2021-12-12,0.168,1
2021-12-12,0.1677,2
2021-12-12,0.168,3
2021-12-12,0.1673,4
2021-12-12,0.1672,5
2021-12-12,0.1683,6
2021-12-12,0.1683,7
2021-12-12,0.1671,8
2021-12-12,0.1663,9
2021-12-12,0.1666,10
2021-12-12,0.1674,11
2021-12-12,0.1672,12
2021-12-12,0.1678,13
2021-12-12,0.168,14
2021-12-12,0.1671,15
2021-12-12,0.1692,16
2021-12-12,0.1713,17
2021-12-12,0.1713,18
2021-12-12,0.1706,19
2021-12-12,0.1714,20
2021-12-12,0.1704,21
2021-12-12,0.171,22
2021-12-12,0.1697,23
2021-12-13,0.1685,0
2021-12-13,0.1638,1
2021-12-13,0.1648,2
2021-12-13,0.1649,3
2021-12-13,0.1658,4
2021-12-13,0.1661,5
2021-12-13,0.1645,6
2021-12-13,0.1639,7
2021-12-13,0.1649,8
2021-12-13,0.1642,9
2021-12-13,0.1644,10
2021-12-13,0.165,11
2021-12-13,0.1639,12
2021-12-13,0.1633,13
2021-12-13,0.1612,14
2021-12-13,0.1581,15
2021-12-13,0.1584,16
2021-12-13,0.1596,17
2021-12-13,0.1582,18
2021-12-13,0.1548,19
2021-12-13,0.1555,20
2021-12-13,0.1568,21
2021-12-13,0.1588,22
2021-12-13,0.1573,23
2021-12-14,0.1575,0
2021-12-14,0.1572,1
2021-12-14,0.1574,2
2021-12-14,0.1575,3
2021-12-14,0.1575,4
2021-12-14,0.1568,5
2021-12-14,0.157,6
2021-12-14,0.1599,7
2021-12-14,0.1608,8
2021-12-14,0.1585,9
2021-12-14,0.1879,10
2021-12-14,0.2113,11
2021-12-14,0.2023,12
2021-12-14,0.1986,13
2021-12-14,0.1919,14
2021-12-14,0.1887,15
2021-12-14,0.1915,16
2021-12-14,0.1868,17
2021-12-14,0.1795,18
2021-12-14,0.1799,19
2021-12-14,0.1848,20
2021-12-14,0.1871,21
2021-12-14,0.1869,22
2021-12-14,0.1909,23
2021-12-15,0.1814,0
2021-12-15,0.183,1
2021-12-15,0.1817,2
2021-12-15,0.1836,3
2021-12-15,0.1801,4
2021-12-15,0.1791,5
2021-12-15,0.1791,6
2021-12-15,0.1808,7
2021-12-15,0.1815,8
2021-12-15,0.1811,9
2021-12-15,0.1802,10
2021-12-15,0.1792,11
2021-12-15,0.1755,12
2021-12-15,0.1768,13
2021-12-15,0.1759,14
2021-12-15,0.1709,15
2021-12-15,0.1742,16
2021-12-15,0.1747,17
2021-12-15,0.1771,18
2021-12-15,0.1825,19
2021-12-15,0.182,20
2021-12-15,0.1813,21
2021-12-15,0.1794,22
2021-12-15,0.1808,23
2021-12-16,0.1811,0
2021-12-16,0.1812,1
2021-12-16,0.1816,2
2021-12-16,0.1808,3
2021-12-16,0.1792,4
2021-12-16,0.1786,5
2021-12-16,0.1801,6
2021-12-16,0.1794,7
2021-12-16,0.1798,8
2021-12-16,0.1809,9
2021-12-16,0.1829,10
2021-12-16,0.1827,11
2021-12-16,0.18,12
2021-12-16,0.1813,13
2021-12-16,0.1795,14
2021-12-16,0.1798,15
2021-12-16,0.1787,16
2021-12-16,0.1767,17
2021-12-16,0.1768,18
2021-12-16,0.1745,19
2021-12-16,0.1747,20
2021-12-16,0.1761,21
2021-12-16,0.1754,22
2021-12-16,0.1732,23
2021-12-17,0.1748,0
2021-12-17,0.1749,1
2021-12-17,0.175,2
2021-12-17,0.1751,3
2021-12-17,0.1757,4
2021-12-17,0.1755,5
2021-12-17,0.1743,6
2021-12-17,0.1723,7
2021-12-17,0.1732,8
2021-12-17,0.1732,9
2021-12-17,0.1711,10
2021-12-17,0.1697,11
2021-12-17,0.1699,12
2021-12-17,0.1692,13
2021-12-17,0.1645,14
2021-12-17,0.1683,15
2021-12-17,0.1717,16
2021-12-17,0.1693,17
2021-12-17,0.1703,18
2021-12-17,0.1696,19
2021-12-17,0.1675,20
2021-12-17,0.1699,21
2021-12-17,0.1699,22
2021-12-17,0.1685,23
2021-12-18,0.1691,0
2021-12-18,0.1668,1
2021-12-18,0.1673,2
2021-12-18,0.1696,3
2021-12-18,0.1718,4
2021-12-18,0.1714,5
2021-12-18,0.1707,6
2021-12-18,0.1711,7
2021-12-18,0.1711,8
2021-12-18,0.1726,9
2021-12-18,0.1741,10
2021-12-18,0.1728,11
2021-12-18,0.1728,12
2021-12-18,0.1711,13
2021-12-18,0.1728,14
2021-12-18,0.1723,15
2021-12-18,0.1717,16
2021-12-18,0.1714,17
2021-12-18,0.1724,18
2021-12-18,0.1722,19
2021-12-18,0.172,20
2021-12-18,0.1727,21
2021-12-18,0.1723,22
2021-12-18,0.1723,23
2021-12-19,0.171,0
2021-12-19,0.1705,1
2021-12-19,0.172,2
2021-12-19,0.1727,3
2021-12-19,0.1736,4
2021-12-19,0.1726,5
2021-12-19,0.1725,6
2021-12-19,0.1735,7
2021-12-19,0.1729,8
2021-12-19,0.1718,9
2021-12-19,0.1714,10
2021-12-19,0.1711,11
2021-12-19,0.1716,12
2021-12-19,0.1723,13
2021-12-19,0.1719,14
2021-12-19,0.1714,15
2021-12-19,0.171,16
2021-12-19,0.1717,17
2021-12-19,0.1717,18
2021-12-19,0.17,19
2021-12-19,0.1699,20
2021-12-19,0.1697,21
2021-12-19,0.1707,22
2021-12-19,0.1694,23
2021-12-20,0.17,0
2021-12-20,0.1696,1
2021-12-20,0.1699,2
2021-12-20,0.1699,3
2021-12-20,0.1704,4
2021-12-20,0.1668,5
2021-12-20,0.1669,6
2021-12-20,0.1664,7
2021-12-20,0.1657,8
2021-12-20,0.1618,9
2021-12-20,0.163,10
2021-12-20,0.1642,11
2021-12-20,0.1627,12
2021-12-20,0.1627,13
2021-12-20,0.1642,14
2021-12-20,0.1624,15
2021-12-20,0.1641,16
2021-12-20,0.1634,17
2021-12-20,0.1644,18
2021-12-20,0.1674,19
2021-12-20,0.1684,20
2021-12-20,0.1675,21
2021-12-20,0.1659,22
2021-12-20,0.1671,23
2021-12-21,0.1669,0
2021-12-21,0.1667,1
2021-12-21,0.1671,2
2021-12-21,0.1698,3
2021-12-21,0.1697,4
2021-12-21,0.1707,5
2021-12-21,0.1703,6
2021-12-21,0.1701,7
2021-12-21,0.1704,8
2021-12-21,0.1706,9
2021-12-21,0.1703,10
2021-12-21,0.1704,11
2021-12-21,0.1705,12
2021-12-21,0.171,13
2021-12-21,0.1695,14
2021-12-21,0.1687,15
2021-12-21,0.1696,16
2021-12-21,0.1696,17
2021-12-21,0.1694,18
2021-12-21,0.1699,19
2021-12-21,0.1697,20
2021-12-21,0.1713,21
2021-12-21,0.1717,22
2021-12-21,0.1707,23
2021-12-22,0.1698,0
2021-12-22,0.1706,1
2021-12-22,0.1719,2
2021-12-22,0.1723,3
2021-12-22,0.1729,4
2021-12-22,0.1723,5
2021-12-22,0.172,6
2021-12-22,0.1727,7
2021-12-22,0.1734,8
2021-12-22,0.1721,9
2021-12-22,0.1727,10
2021-12-22,0.1733,11
2021-12-22,0.1718,12
2021-12-22,0.1724,13
2021-12-22,0.174,14
2021-12-22,0.1764,15
2021-12-22,0.1758,16
2021-12-22,0.1745,17
2021-12-22,0.1743,18
2021-12-22,0.1746,19
2021-12-22,0.1757,20
2021-12-22,0.1757,21
2021-12-22,0.1749,22
2021-12-22,0.173,23
2021-12-23,0.1725,0
2021-12-23,0.1735,1
2021-12-23,0.1739,2
2021-12-23,0.1745,3
2021-12-23,0.1743,4
2021-12-23,0.1742,5
2021-12-23,0.1748,6
2021-12-23,0.1746,7
2021-12-23,0.1772,8
2021-12-23,0.1767,9
2021-12-23,0.1773,10
2021-12-23,0.1756,11
2021-12-23,0.1764,12
2021-12-23,0.1769,13
2021-12-23,0.1764,14
2021-12-23,0.177,15
2021-12-23,0.1781,16
2021-12-23,0.1816,17
2021-12-23,0.1825,18
2021-12-23,0.1832,19
2021-12-23,0.1818,20
2021-12-23,0.182,21
2021-12-23,0.1826,22
2021-12-23,0.185,23
2021-12-24,0.184,0
2021-12-24,0.1835,1
2021-12-24,0.1836,2
2021-12-24,0.1829,3
2021-12-24,0.1824,4
2021-12-24,0.1813,5
2021-12-24,0.1812,6
2021-12-24,0.1813,7
2021-12-24,0.182,8
2021-12-24,0.183,9
2021-12-24,0.1841,10
2021-12-24,0.1835,11
2021-12-24,0.187,12
2021-12-24,0.1869,13
2021-12-24,0.187,14
2021-12-24,0.187,15
2021-12-24,0.1896,16
2021-12-24,0.1923,17
2021-12-24,0.1938,18
2021-12-24,0.1901,19
2021-12-24,0.1919,20
2021-12-24,0.191,21
2021-12-24,0.187,22
2021-12-24,0.1862,23
2021-12-25,0.1887,0
2021-12-25,0.1873,1
2021-12-25,0.1865,2
2021-12-25,0.1872,3
2021-12-25,0.1899,4
2021-12-25,0.1922,5
2021-12-25,0.191,6
2021-12-25,0.191,7
2021-12-25,0.1904,8
2021-12-25,0.1903,9
2021-12-25,0.1882,10
2021-12-25,0.1889,11
2021-12-25,0.1902,12
2021-12-25,0.1896,13
2021-12-25,0.19,14
2021-12-25,0.1907,15
2021-12-25,0.1897,16
2021-12-25,0.1889,17
2021-12-25,0.1893,18
2021-12-25,0.1899,19
2021-12-25,0.1902,20
2021-12-25,0.193,21
2021-12-25,0.1912,22
2021-12-25,0.1908,23
2021-12-26,0.1902,0
2021-12-26,0.1911,1
2021-12-26,0.189,2
2021-12-26,0.1858,3
2021-12-26,0.1872,4
2021-12-26,0.1867,5
2021-12-26,0.187,6
2021-12-26,0.187,7
2021-12-26,0.1882,8
2021-12-26,0.189,9
2021-12-26,0.189,10
2021-12-26,0.1875,11
2021-12-26,0.1882,12
2021-12-26,0.1877,13
2021-12-26,0.1878,14
2021-12-26,0.1885,15
2021-12-26,0.1894,16
2021-12-26,0.1898,17
2021-12-26,0.1903,18
2021-12-26,0.1907,19
2021-12-26,0.19,20
2021-12-26,0.1905,21
2021-12-26,0.1914,22
2021-12-26,0.1898,23
2021-12-27,0.1893,0
2021-12-27,0.19,1
2021-12-27,0.1901,2
2021-12-27,0.1907,3
2021-12-27,0.1903,4
2021-12-27,0.1897,5
2021-12-27,0.1901,6
2021-12-27,0.1896,7
2021-12-27,0.1889,8
2021-12-27,0.1898,9
2021-12-27,0.1894,10
2021-12-27,0.1913,11
2021-12-27,0.1913,12
2021-12-27,0.1919,13
2021-12-27,0.1917,14
2021-12-27,0.1909,15
2021-12-27,0.1909,16
2021-12-27,0.1921,17
2021-12-27,0.1922,18
2021-12-27,0.1906,19
2021-12-27,0.1901,20
2021-12-27,0.1895,21
2021-12-27,0.189,22
2021-12-27,0.1879,23
2021-12-28,0.185,0
2021-12-28,0.1821,1
2021-12-28,0.182,2
2021-12-28,0.1814,3
2021-12-28,0.1796,4
2021-12-28,0.1809,5
2021-12-28,0.1811,6
2021-12-28,0.1815,7
2021-12-28,0.1817,8
2021-12-28,0.1801,9
2021-12-28,0.1808,10
2021-12-28,0.1816,11
2021-12-28,0.1813,12
2021-12-28,0.181,13
2021-12-28,0.1794,14
2021-12-28,0.1783,15
2021-12-28,0.1786,16
2021-12-28,0.175,17
2021-12-28,0.1753,18
2021-12-28,0.1753,19
2021-12-28,0.1762,20
2021-12-28,0.1744,21
2021-12-28,0.1741,22
2021-12-28,0.1739,23
2021-12-29,0.1754,0
2021-12-29,0.1755,1
2021-12-29,0.1765,2
2021-12-29,0.1767,3
2021-12-29,0.1756,4
2021-12-29,0.1751,5
2021-12-29,0.1757,6
2021-12-29,0.1752,7
2021-12-29,0.1763,8
2021-12-29,0.1764,9
2021-12-29,0.173,10
2021-12-29,0.1729,11
2021-12-29,0.1699,12
2021-12-29,0.1709,13
2021-12-29,0.1724,14
2021-12-29,0.1727,15
2021-12-29,0.1719,16
2021-12-29,0.1711,17
2021-12-29,0.1738,18
2021-12-29,0.172,19
2021-12-29,0.1726,20
2021-12-29,0.1713,21
2021-12-29,0.1713,22
2021-12-29,0.168,23
2021-12-30,0.1692,0
